Standardized_SMILES,DICTrank
O=C(OC1CC2CC3CC(C1)[NH+]2CC3=O)c1c[nH]c2ccccc12,1
O=c1n(CCC[NH+]2CCN(c3cccc(Cl)c3)CC2)nc2ccccn12,1
CC(C)COc1ccc(CNC(=O)[NH+](Cc2ccc(F)cc2)C2CC[NH+](C)CC2)cc1,1
C[NH+](C)C([NH3+])=NC(N)=[NH2+],1
CC(C(=O)[O-])c1ccc(-c2ccccc2)c(F)c1,1
CC(C(=O)[O-])c1cccc(C(=O)c2ccccc2)c1,1
C[NH+](C)C(=O)C(CC[NH+]1CCC(O)(c2ccc(Cl)cc2)CC1)(c1ccccc1)c1ccccc1,1
C[NH+](C)CCC=C1c2ccccc2CCc2ccccc21,1
C[NH2+]C(C)Cc1ccccc1,1
CC(=O)[NH+]1CCN(c2ccc(OCC3COC(Cn4ccnc4)(c4ccc(Cl)cc4Cl)O3)cc2)CC1,1
CC(=O)N(CC(O)CO)c1c(I)c(C(=O)NCC(O)CO)c(I)c(C(=O)NCC(O)CO)c1I,1
CC(=O)N(CC(O)CN(C(C)=O)c1c(I)c(C(=O)NCC(O)CO)c(I)c(C(=O)NCC(O)CO)c1I)c1c(I)c(C(=O)NCC(O)CO)c(I)c(C(=O)NCC(O)CO)c1I,1
C[NH2+]C1CCC(c2ccc(Cl)c(Cl)c2)c2ccccc21,1
Cc1nccn1CC1CCc2c(c3ccccc3n2C)C1=O,1
O=C(C1CCCCC1)[NH+]1CC(=O)[NH+]2CCc3ccccc3C2C1,1
O=C1CCc2cc(OCCCCc3nnnn3C3CCCCC3)ccc2N1,1
O=C1CCC([NH+]2C(=O)c3ccccc3C2=O)C(=O)N1,1
CC12CCC3c4ccc(OS(=O)(=O)[O-])cc4CCC3C1CCC2=O,1
C[NH+]1CCc2cccc3c2C1Cc1ccc([O-])c([O-])c1-3,1
Cc1ccc(C(=O)Nc2ccc(C[NH+]3CC[NH+](C)CC3)c(C(F)(F)F)c2)cc1C#Cc1cnc2cccnn12,1
O=C(Nc1ccc(OC(F)(F)Cl)cc1)c1cnc(N2CCC(O)C2)c(-c2cc[n-]n2)c1,1
CC(C)(C)c1ccc(C(O)CCC[NH+]2CCC(C(O)(c3ccccc3)c3ccccc3)CC2)cc1,1
Cn1nc(C(=O)NC2CC3CCCC(C2)[NH+]3C)c2ccccc21,1
Clc1ccc(CCCOCCC[NH+]2CCCCC2)cc1,1
[O-]c1cc2cc(CC[NH+]3CCN(c4nsc5ccccc45)CC3)c(Cl)cc2[n-]1,1
CC[NH+](CC)CCNC(=O)c1ccc(N)cc1,1
CC(C)Cc1ccc(C(C)C(=O)[O-])cc1,1
CC(C)CC([NH+](C)C)C1(c2ccc(Cl)cc2)CCC1,1
Cc1nnc(C(C)C)n1C1CC2CCC(C1)[NH+]2CCC(NC(=O)C1CCC(F)(F)CC1)c1ccccc1,1
C=CC1C[NH+]2CCC1CC2C(O)c1ccnc2ccc(OC)cc12,1
CC(C)c1cccc(C(C)C)c1[O-],1
CCn1cc(C(=O)[O-])c(=O)c2cc(F)c(N3CC[NH2+]C(C)C3)c(F)c21,1
CC[NH+]1CC(CC[NH+]2CCOCC2)C(c2ccccc2)(c2ccccc2)C1=O,1
CC(C)CC(NC(=O)C(CCc1ccccc1)NC(=O)C[NH+]1CCOCC1)C(=O)NC(Cc1ccccc1)C(=O)NC(CC(C)C)C(=O)C1(C)CO1,1
CC(C)CC(NC(=O)C(Cc1ccccc1)NC(=O)c1cnccn1)B(O)O,1
CC(=O)NC(Cc1ccc2ccccc2c1)C(=O)NC(Cc1ccc(Cl)cc1)C(=O)NC(Cc1cccnc1)C(=O)NC(CO)C(=O)NC(Cc1ccc(NC(O)c2cc(=O)[n-]c(=O)[n-]2)cc1)C(=O)NC(Cc1ccc(NC(N)=O)cc1)C(O)=NC(CC(C)C)C(O)=NC(CCCC[NH2+]C(C)C)C(=O)[NH+]1CCCC1C(O)=NC(C)C(N)=O,1
CC(C)CC(C[NH3+])CC(=O)[O-],1
CC[NH+](CC)CC=NC(=O)c1c(C)[nH]c(Cc2c([O-])[n-]c3ccc(F)cc23)c1C,1
CC(C)c1nc(C[NH+](C)C(=O)NC(C(=O)NC(Cc2ccccc2)CC(O)C(Cc2ccccc2)NC(=O)OCc2cncs2)C(C)C)cs1,1
CC(C)(Sc1cc(C(C)(C)C)c([O-])c(C(C)(C)C)c1)Sc1cc(C(C)(C)C)c([O-])c(C(C)(C)C)c1,1
COc1ccc2c3c1OC1C(=O)CCC4C(C2)[NH+](C)CCC314,1
CC(C)([NH3+])Cc1ccccc1,1
[O-]c1ccc([O-])c2c([O-])c3c(NCC[NH2+]CCO)ccc(NCC=NCCO)c3c([O-])c12,1
CC(C)([NH3+])Cc1ccc(Cl)cc1,1
CC(C)([NH3+])C(=O)NC(Cc1c[nH]c2ccccc12)C(=O)NC(Cc1c[nH]c2ccccc12)NC=O,1
OCCOCC[NH+]1CC[NH+](C(c2ccccc2)c2ccc(Cl)cc2)CC1,1
CC(C)(C)[NH2+]CC(O)c1ccc([O-])c(CO)c1,1
[NH3+]C1CCCCC1[NH3+],1
C[NH+]1CC2c3ccccc3Oc3ccc(Cl)cc3C2C1,1
NC(=O)N1c2ccccc2C=Cc2ccccc21,1
CSc1ccc2c(c1)N(CCC1CCCC[NH+]1C)c1ccccc1S2,1
N#CC1CC2CC2[NH+]1C(=O)C([NH3+])C12CC3CC(CC(O)(C3)C1)C2,1
C=C1CC2CCC34CC5OC6C(OC7CCC(CC(=O)CC8C(CC9OC(CCC1O2)CC(C)C9=C)OC(CC(O)C[NH3+])C8OC)OC7C6O3)C5O4,1
O=C([O-])c1cc(-c2ccc(F)cc2F)ccc1[O-],1
CC(Oc1cc(-c2cnn(C3CC[NH2+]CC3)c2)c[n-]c1=N)c1c(Cl)ccc(F)c1Cl,1
CC(=O)NC(CSSCC([NH3+])C(=O)[O-])C(=O)NC(C)C(=O)NC(CCC[NH+]=C(N)N)C(=O)NC(CCCNC(N)=[NH2+])C(=O)NC(CCCNC(N)=[NH2+])C(=O)NC(C)C(=O)NC(CCCNC(N)=[NH2+])C(N)=O,1
COC(=O)NC(C)CN=c1nc(-c2cn(C(C)C)nc2-c2cc(Cl)cc(NS(C)(=O)=O)c2F)cc[n-]1,1
CC(c1ncncc1F)C(O)(Cn1cncn1)c1ccc(F)cc1F,1
[NH3+]CCc1ccc([O-])c([O-])c1,1
NN=c1[n-]ncc2ccccc12,1
O=C(C(O)CO)C(O)C(O)COC1OC(COC2OC(CO)C(O)C(O)C2O)C(O)C(O)C1O,1
[O-]c1cn2c(n1)Nc1ccc(Cl)c(Cl)c1C2,1
C[NH+](C)CCc1c[nH]c2ccc(Cn3cncn3)cc12,1
C[NH+]1CCCC1Cc1c[nH]c2ccc(CCS(=O)(=O)c3ccccc3)cc12,1
C[NH+](C)CCCC1(c2ccc(F)cc2)OCc2cc(C#N)ccc21,1
COc1ccc2c3c1OC1CC(O)C=C(CC[NH+](C)C2)C31,1
O=P1([NH+](CCCl)CCCl)[NH2+]CCCO1,1
N=c1[n-]c(=NC2CC2)c2ncn(C3C=CC(CO)C3)c2[n-]1,1
O=[N+]([O-])OCC(CO[N+](=O)[O-])O[N+](=O)[O-],1
CC(C)CC(NC(=O)C(Cc1c[nH]c2ccccc12)NC(=O)C(Cc1ccc([O-])cc1)NC(=O)C(CO)NC(=O)C(Cc1c[nH]c2ccccc12)NC(=O)C(Cc1cnc[n-]1)NC(=O)C1CCC(=O)N1)C(=O)NC(CCCNC(N)=[NH2+])C(=O)[NH+]1CCCC1C(=O)NCC(N)=O,1
CC1CC[NH+](C(=O)CC#N)CC1[NH+](C)c1ncnc2[nH]ccc12,1
CC12CCC3c4ccc([O-])cc4CCC3C1CCC2OC(=O)CCC1CCCC1,1
COc1ccc(OC)c(C(O)CNC(=O)C[NH3+])c1,1
CC(=O)C1NC(=O)C(CCCC[NH3+])NC(=O)C(Cc2c[nH]c3ccccc23)NC(=O)C(Cc2ccccc2)NC(=O)C(NC(=O)C([NH3+])Cc2ccccc2)CSSCC(C(=O)NC(CO)C(C)O)[NH2+]C1O,1
COc1ccc(CC[NH+](C)CCCC(C#N)(c2ccc(OC)c(OC)c2)C(C)C)cc1OC,1
C[NH2+]CCC(Oc1ccccc1C)c1ccccc1,1
C[NH2+]CCC(Oc1ccc(C(F)(F)F)cc1)c1ccccc1,1
C[NH2+]CCC=C1c2ccccc2CCc2ccccc21,1
CN(CCOc1ccc(Cc2sc(=O)[n-]c2[O-])cc1)c1ccccn1,1
CC1Oc2cc(c[n-]c2=N)-c2c(nn(C)c2C#N)C[NH+](C)C(=O)c2ccc(F)cc21,1
CC(C)[NH2+]CC(O)COc1ccc(COCCOC(C)C)cc1,1
CC1OC(OC2C(O)CC(OC3C(O)CC(OC4CCC5(C)C(CCC6C5CC(O)C5(C)C(c7coc([O-])c7)CCC65O)C4)OC3C)OC2C)CC(O)C1O,1
CNS(=O)(=O)CCc1ccc2[nH]cc(C3CC[NH+](C)CC3)c2c1,1
COC(=O)C(c1ccccc1)C1CCCC[NH2+]1,1
CC1COc2c(N3CC[NH+](C)CC3)c(F)cc3c(=O)c(C(=O)[O-])cn1c23,1
CC[NH+](CC)CC#CCOC(=O)C(O)(c1ccccc1)C1CCCCC1,1
COC(=O)C1=C(C)N=C(C)C(C(=O)OCC[NH+](C)Cc2ccccc2)C1c1cccc([N+](=O)[O-])c1,1
CC1C[NH+](CC(Cc2ccccc2)C(=O)NCC(=O)[O-])CCC1(C)c1cccc([O-])c1,1
CC1CN(c2c(F)c(N)c3c(=O)c(C(=O)[O-])cn(C4CC4)c3c2F)CC(C)[NH2+]1,1
CCc1nc(C(N)=O)c(=Nc2ccc(N3CCC([NH+]4CC[NH+](C)CC4)CC3)c(OC)c2)[n-]c1[NH2+]C1CCOCC1,1
CCCCCOC(=O)N=c1[n-]c(=O)n(C2OC(C)C(O)C2O)cc1F,1
COc1cccc2c([O-])c3c([O-])c4c(c([O-])c3c([O-])c12)=C(OC1CC([NH3+])C(O)C(C)O1)CC(O)(C(C)=O)C=4,1
CCCCCCC[NH+](CC)CCCC(O)c1ccc(NS(C)(=O)=O)cc1,1
CC(=O)C(O)Nc1c(I)c(C(=O)NC(CO)CO)c(I)c(C(=O)NC(CO)CO)c1I,1
COc1cc2c(cc1OC)CC(=O)[NH+](CCC[NH+](C)CC1Cc3cc(OC)c(OC)cc31)CC2,1
COc1c(N2CC3CCC[NH2+]C3C2)c(F)cc2c(=O)c(C(=O)[O-])cn(C3CC3)c12,1
COc1ccc(C2Sc3ccccc3N(CC[NH+](C)C)C(=O)C2OC(C)=O)cc1,1
CC1C[NH2+]CCc2ccc(Cl)cc21,1
O=C1[N-]C(=O)C(c2ccccc2)(c2ccccc2)N1,1
CC[NH+](CC)C(C)C(=O)c1ccccc1,1
CC(C)[NH2+]CC(O)c1ccc(NS(C)(=O)=O)cc1,1
CCc1cccc2c3c([nH]c12)C(CC)(CC(=O)[O-])OCC3,1
CCOC(=O)C1=C(COCC[NH3+])N=C(C)C(C(=O)OC)C1c1ccccc1Cl,1
CCOC(=O)c1ncn2c1C[NH+](C)C(=O)c1cc(F)ccc1-2,1
CCOC(=O)CCC(=O)OC1C(OC2C(C)C(OC3CC(C)(OC)C(O)C(C)O3)C(C)C(=O)OC(CC)C(C)(O)C(O)C(C)C(=O)C(C)CC2(C)O)OC(C)CC1[NH+](C)C,1
[NH3+]CCC[NH2+]CCS[P](=O)(=O)O,1
CCS(=O)(=O)[NH+]1CC(CC#N)(n2cc(-c3ncnc4[nH]ccc34)cn2)C1,1
CCC(=O)OC(Cc1ccccc1)(c1ccccc1)C(C)C[NH+](C)C,1
COC(=O)c1ccc2c(C(=Nc3ccc(N(C)C(=O)C[NH+]4CC[NH+](C)CC4)cc3)c3ccccc3)c([O-])[n-]c2c1,1
N=c1[n-]c(N2CCCCC2)cc(N)[n+]1[O-],1
COc1cccc2c([O-])c3c([O-])c4c(c([O-])c3c([O-])c12)=C(OC1CC([NH3+])C(O)C(C)O1)CC(O)(C(=O)CO)C=4,1
Cc1c(F)c(N2CC[NH2+]C(C)C2)cc2c1c(=O)c(C(=O)[O-])cn2C1CC1,1
OC(c1cc(C(F)(F)F)nc2c(C(F)(F)F)cccc12)C1CCCC[NH2+]1,1
Cc1ccc(-c2ncc(Cl)cc2-c2ccc(S(C)(=O)=O)cc2)cn1,1
Nc1cccc2c1C[NH+](C1CCC(=O)NC1=O)C2=O,1
COC(=O)CCC1N=C(c2ccccn2)c2cc(Br)ccc2-n2c(C)cnc21,1
Cc1cn(-c2cc(NC(=O)c3ccc(C)c(N=c4nc(-c5cccnc5)cc[n-]4)c3)cc(C(F)(F)F)c2)cn1,1
CC([NH2+]CCCc1cccc(C(F)(F)F)c1)c1cccc2ccccc12,1
Nc1cccc2c1C(=O)[NH+](C1CCC(=O)NC1=O)C2=O,1
CCC1OC(=O)C(C)C(OC2CC(C)(OC)C(O)C(C)O2)C(C)C(OC2OC(C)CC([NH+](C)C)C2O)C(C)(O)CC(C)C[NH+](C)C(C)C(O)C1(C)O,1
CC(=O)C1(O)C=C(OC2CC([NH3+])C(O)C(C)O2)c2c(c([O-])c3c([O-])c4ccccc4c([O-])c3c2[O-])C1,1
CCc1ccc(CCOc2ccc(Cc3sc(=O)[n-]c3[O-])cc2)nc1,1
Cc1cccc(C(C)c2c[n-]cn2)c1C,1
CCO,1
C=CC[NH+]1CC(C(=O)[NH+](CCC[NH+](C)C)C(=O)NCC)CC2c3cccc4[nH]cc(c34)CC21,1
CCCCC[NH+]=C(N)NN=Cc1c[nH]c2ccc(OC)cc12,1
CCCCCCCCCCCCOCCO,1
CCC1OC(=O)C(C)C(OC2CC(C)(OC)C(O)C(C)O2)C(C)C(OC2OC(C)CC([NH+](C)C)C2O)C(C)(O)CC(C)C(=O)C(C)C(O)C1(C)O,1
CCCCCCCCCCCCCCCC(=O)OC1CCCn2c1nc(C)c(CC[NH+]1CCC(c3noc4cc(F)ccc34)CC1)c2=O,1
N=c1[n-]c(Cl)nc2c1ncn2C1CC(O)C(CO)O1,1
CCC[NH+]1CC(CSC)CC2c3cccc4[nH]cc(c34)CC21,1
C=CC(=O)[NH+]1CCCC(n2nc(-c3ccc(Oc4ccccc4)cc3)c3c(=N)[n-]cnc32)C1,1
CCCCCCCCCCC(=O)OC1CCC2C3CC=C4CC(=O)CCC4(C)C3CCC12C,1
CCCCCCCCCC(=O)OCC[NH+]1CC[NH+](CCCN2c3ccccc3Sc3ccc(C(F)(F)F)cc32)CC1,1
CCCCCCCCCC(=O)OC1(c2ccc(Cl)cc2)CC[NH+](CCCC(=O)c2ccc(F)cc2)CC1,1
CCC[NH2+]CC(O)COc1ccccc1C(=O)CCc1ccccc1,1
CCCCCCCC(=O)NC(C[NH+]1CCCC1)C(O)c1ccc2c(c1)OCCO2,1
N=c1[n-]cnc2c1ncn2C1OC(CO)C(O)C1O,1
CCCS(=O)(=O)Nc1ccc(F)c(C(=O)c2c[nH]c3ncc(-c4ccc(Cl)cc4)cc23)c1F,1
CCCSc1nc(=NC2CC2c2ccc(F)c(F)c2)c2nnn(C3CC(OCCO)C(O)C3O)c2[n-]1,1
CC[NH+](CC)CCCC(C)N=c1cc[n-]c2cc(Cl)ccc12,1
CC[NH2+]C(C)Cc1cccc(C(F)(F)F)c1,1
CCn1c(=O)c(-c2cc(NC(=O)Nc3ccccc3)c(F)cc2Br)cc2c[n-]c(=NC)cc21,1
CCCc1nc(C)c2c(=O)[n-]c(-c3cc(S(=O)(=O)[NH+]4CC[NH+](CC)CC4)ccc3OCC)nn12,1
CC[NH+]1CCCC1CNC(=O)c1cc(S(=O)(=O)CC)c(N)cc1OC,1
Cc1nc(=Nc2ncc(C(=O)Nc3c(C)cccc3Cl)s2)cc(N2CC[NH+](CCO)CC2)[n-]1,1
[NH3+]C1C2CN(c3nc4c(cc3F)c(=O)c(C(=O)[O-])cn4-c3ccc(F)cc3F)CC12,1
Cc1cccc(C)c1NC(=O)C[NH+]1CC[NH+](CCCC(c2ccc(F)cc2)c2ccc(F)cc2)CC1,1
C=CC=CCC(C)C(O)C1C(=O)NC(CC)C(=O)[NH+](C)CC(=O)[NH+](C)C(CC(C)C)C(=O)NC(C(C)C)C(=O)[NH+](C)C(CC(C)C)C(=O)NC(C)C(=O)NC(C)C(=O)[NH+](C)C(CC(C)C)C(=O)[NH+](C)C(CC(C)C)C(=O)[NH+](C)C(C(C)C)C(=O)[NH+]1C,1
CCC(C(C)O)n1ncn(-c2ccc(N3CCN(c4ccc(OCC5COC(Cn6cncn6)(c6ccc(F)cc6F)C5)cc4)CC3)cc2)c1=O,1
O=C(CCC[NH+]1CCC(O)(c2ccc(Cl)cc2)CC1)c1ccc(F)cc1,1
Cc1[nH]c2ccccc2c1CC[NH2+]Cc1ccc(C=CC(O)=NO)cc1,1
Cc1[n-]c(=O)c(C#N)cc1-c1ccncc1,1
O=C(NCC1CCCC[NH2+]1)c1cc(OCC(F)(F)F)ccc1OCC(F)(F)F,1
CCNC(=O)C1CCC[NH+]1C(=O)C(CCCNC(N)=[NH2+])NC(=O)C(CC(C)C)NC(=O)C(Cc1cn(Cc2ccccc2)cn1)NC(=O)C(Cc1ccc([O-])cc1)NC(=O)C(CO)NC(=O)C(Cc1c[nH]c2ccccc12)NC(=O)C(Cc1cnc[n-]1)NC(=O)C1CCC(=O)N1,1
CC(C)CC(NC(=O)C(COC(C)(C)C)NC(=O)C(Cc1ccc([O-])cc1)NC(=O)C(CO)NC(=O)C(Cc1c[nH]c2ccccc12)NC(=O)C(Cc1cnc[n-]1)NC(=O)C1CCC(=O)N1)C(=O)NC(CCCNC(N)=[NH2+])C(=O)[NH+]1CCCC1C(=O)[N-][N-]C(N)=O,1
CCCCCCCCc1ccc(CCC([NH3+])(CO)CO)cc1,1
CC([NH3+])Cc1ccccc1,1
NC(=O)OC(Cn1ncnn1)c1ccccc1Cl,1
CCC[NH+](CCC)CCc1cccc2[n-]c([O-])cc12,1
CC(C[NH+](C)C)C(C)(O)Cc1ccc(Cl)cc1,1
CC(CCc1ccccc1)[NH2+]CC(O)c1ccc([O-])c(C(N)=O)c1,1
CC(Cc1ccccc1)[NH2+]CCC(c1ccccc1)c1ccccc1,1
CC(Cc1cccc(C(F)(F)F)c1)[NH2+]CCOC(=O)c1ccccc1,1
CC(CC(c1ccccc1)c1ccccc1)[NH2+]C(C)(C)C,1
Cc1cc(N=c2[n-]cc(Cl)c(=Nc3ccccc3S(=O)(=O)C(C)C)[n-]2)c(OC(C)C)cc1C1CC[NH2+]CC1,1
CC(C)[NH2+]CC(O)COc1ccc(CC(N)=O)cc1,1
C#CC1(O)CCC2C3CC=C4CC(=O)CCC4C3C(=C)CC21CC,1
CCC(=O)C(CC(C)[NH+](C)C)(c1ccccc1)c1ccccc1,1
Cc1ncc2n1-c1ccc(Cl)cc1C(c1ccccc1F)=NC2,1
COc1cc2c(cc1OC)C1CC(OC(=O)C([NH3+])C(C)C)C(CC(C)C)C[NH+]1CC2,1
Cc1c[n-]c(=Nc2ccc(OCC[NH+]3CCCC3)cc2)[n-]c1=Nc1cccc(S(=O)(=O)NC(C)(C)C)c1,1
Cc1ccc(N(CC2=[NH+]CCN2)c2cccc([O-])c2)cc1,1
Cc1ccc(-c2cc(C(F)(F)F)nn2-c2ccc(S(N)(=O)=O)cc2)cc1,1
O=C([O-])c1cn(C2CC2)c2cc(N3CC[NH2+]CC3)c(F)cc2c1=O,1
CNC(=O)c1cc(Oc2ccc(NC(=O)Nc3ccc(Cl)c(C(F)(F)F)c3)c(F)c2)ccn1,1
O=C(c1ccccc1)c1ccc2n1CCC2C(=O)[O-],1
COc1cc(N=c2c(C#N)c[n-]c3cc(OCCC[NH+]4CC[NH+](C)CC4)c(OC)cc23)c(Cl)cc1Cl,1
CC(C)[NH2+]CC(O)c1cc([O-])cc([O-])c1,1
CC(C)[NH2+]CC(O)COc1cccc2ccccc12,1
CC1=C(CC(=O)[O-])c2cc(F)ccc2C1=Cc1ccc([S+](C)O)cc1,1
Cc1cccc(Nc2ccccc2C(=O)[O-])c1C,1
CC(C(=O)[O-])c1cccc(Oc2ccccc2)c1,1
C[N+](C)(C)CCOC(=O)CCC(=O)OCC[N+](C)(C)C,1
Cc1cccc(C)c1OCC(C)[NH3+],1
CC(Oc1c(Cl)cccc1Cl)C1=[NH+]CCN1,1
CCC1OC(=O)C(C)C(OC2CC(C)(OC)C(O)C(C)O2)C(C)C(OC2OC(C)CC([NH+](C)C)C2O)C(C)(OC)CC(C)C(=O)C(C)C(O)C1(C)O,1
CCC(OC(C)=O)C(CC(C)[NH+](C)C)(c1ccccc1)c1ccccc1,1
Cc1nc2n(c(=O)c1CC[NH+]1CCC(c3noc4cc(F)ccc34)CC1)CCCC2O,1
O=P1([NH2+]CCCl)OCCC[NH+]1CCCl,1
COC(=O)CCc1ccc(OCC(O)C[NH2+]C(C)C)cc1,1
CCCCc1oc2ccc(NS(C)(=O)=O)cc2c1C(=O)c1ccc(OCCC[NH+](CCCC)CCCC)cc1,1
CC(=Cc1csc(C)n1)C1CC2OC2(C)CCCC(C)C(O)C(C)C(=O)C(C)(C)C(O)CC(=O)N1,1
CON=C1CN(c2nc3c(cc2F)c(=O)c(C(=O)[O-])cn3C2CC2)CC1C[NH3+],1
FC(F)(F)C(F)(F)C(F)(F)F,1
N#Cc1ccnc([NH+]2C(=O)CCC2C(=O)[NH+](c2cncc(F)c2)C(C(=O)NC2CC(F)(F)C2)c2ccccc2Cl)c1,1
O=C([O-])Cc1ccccc1Nc1c(Cl)cccc1Cl,1
CC(=O)[O-],1
C=CC(=O)Nc1cc(N=c2nc(-c3cn(C)c4ccccc34)cc[n-]2)c(OC)cc1N(C)CC[NH+](C)C,1
O=C([O-])CC(O)(CC(=O)[O-])C(=O)[O-],1
C[NH+]1CC[NH+]2c3ncccc3Cc3ccccc3C2C1,1
COc1ccc(CC[NH+]2CCC(N=c3[n-]c4ccccc4n3Cc3ccc(F)cc3)CC2)cc1,1
COc1cc2c(cc1OC)C1CC(=O)C(CC(C)C)C[NH+]1CC2,1
CC(C)(C)NC(=O)C1CC2CCCCC2C[NH+]1CC(O)C(Cc1ccccc1)NC(=O)C(CC(N)=O)NC(=O)c1ccc2ccccc2n1,1
O=C(CCC[NH+]1CC=C(n2c(=O)[n-]c3ccccc32)CC1)c1ccc(F)cc1,1
C[NH+]1CCN(c2ccc(C(=O)N=c3[n-][n-]c4ccc(Cc5cc(F)cc(F)c5)cc34)c([NH2+]C3CCOCC3)c2)CC1,1
OC(Cn1cncn1)(Cn1cncn1)c1ccc(F)cc1F,1
C[NH+](C)CCc1c[nH]c2ccc(CS(=O)(=O)[NH+]3CCCC3)cc12,1
O=C1Nc2ccc(Cl)cc2C(C#CC2CC2)(C(F)(F)F)O1,1
COc1cc(N)c(Cl)cc1C(=O)NC1CC[NH+](CCCOc2ccc(F)cc2)CC1OC,1
CC(C)(C)c1nc(-c2cccc(NS(=O)(=O)c3c(F)cccc3F)c2F)c(-c2cc[n-]c(=N)n2)s1,1
O=C([O-])CCSCC1OC2OC3C(CSCCC(=O)[O-])OC(OC4C(CSCCC(=O)[O-])OC(OC5C(CSCCC(=O)[O-])OC(OC6C(CSCCC(=O)[O-])OC(OC7C(CSCCC(=O)[O-])OC(OC8C(CSCCC(=O)[O-])OC(OC9C(CSCCC(=O)[O-])OC(OC1C(O)C2O)C(O)C9O)C(O)C8O)C(O)C7O)C(O)C6O)C(O)C5O)C(O)C4O)C(O)C3O,1
O=C([O-])CCc1nc(-c2ccccc2)c(-c2ccccc2)o1,1
C=CC(=O)Nc1cc(N=c2nc(-c3cn(C)c4ccccc34)c(C(=O)OC(C)C)c[n-]2)c(OC)cc1N(C)CC[NH+](C)C,1
CC(Cc1ccccc1)NC(=O)C([NH3+])CCCC[NH3+],1
O=C([O-])[P](=O)(=O)O,1
COc1ccsc1C[NH2+]CCC1(c2ccccn2)CCOC2(CCCC2)C1,1
[C-]#[N+]CC(C)(C)OC,1
C[NH+]1CCN(C2=[NH+]c3cc(Cl)ccc3Nc3ccccc32)CC1,1
CNC(=O)c1ccc(N2C(=S)N(c3cnc(C#N)c(C(F)(F)F)c3)C(=O)C23CCC3)cc1F,1
C[NH+]1CCC(NC(=O)Nc2ccc(C#N)cc2)CC1c1nc2ccccc2[n-]1,1
COc1ccccc1OCC[NH2+]CC(O)COc1cccc2[nH]c3ccccc3c12,1
C=CCC1=CC(C)CC(C)CC(OC)C2OC(O)(C(=O)C(=O)[NH+]3CCCCC3C(=O)OC(C(C)=CC3CCC(O)C(OC)C3)C(C)C(O)CC1=O)C(C)CC2OC,1
Cc1ccc(NC(=O)c2ccc(C[NH+]3CC[NH+](C)CC3)cc2)cc1N=c1nc(-c2cccnc2)cc[n-]1,1
COc1cc(C(C)=O)ccc1OCCC[NH+]1CCC(c2noc3cc(F)ccc23)CC1,1
CCC1OC(=O)C(C)C(=O)C(C)C(OC2OC(C)CC([NH+](C)C)C2O)C(C)(OC)CC(C)C(=O)C(C)C2[NH+](CCCCn3cnc(-c4cccnc4)c3)C(=O)OC12C,1
COc1ccccc1OCC(O)C[NH+]1CC[NH+](CC(=O)Nc2c(C)cccc2C)CC1,1
CCCCCCOC(=O)[NH+]=C(N)c1ccc(NCc2nc3cc(C(=O)N(CCC(=O)OCC)c4ccccn4)ccc3n2C)cc1,1
CC(C)CC1C(=O)[NH+]2CCCC2C2(O)OC(NC(=O)C3=CC4c5cccc6[nH]c(Br)c(c56)CC4[NH+](C)C3)(C(C)C)C(=O)[NH+]12,1
CCC1C[NH+](C(=O)NCC(F)(F)F)CC1c1cnc2cnc3[nH]ccc3n12,1
COc1cc(N=c2nc(N=c3ccc4c([n-]3)N(CO[P](=O)(=O)O)C(=O)C(C)(C)O4)c(F)c[n-]2)cc(OC)c1OC,1
[NH3+]CCCCC1NC(=O)C(Cc2c[nH]c3ccccc23)NC(=O)C(c2ccccc2)NC(=O)C2CC(OC(=O)NCC[NH3+])C[NH+]2C(=O)C(Cc2ccccc2)NC(=O)C(Cc2ccc(OCc3ccccc3)cc2)NC1=O,1
OCCN(CCO)c1nc(N2CCCCC2)c2nc(N(CCO)CCO)nc(N3CCCCC3)c2n1,1
C[NH2+]CC(O)C(O)C(O)C(O)CO,1
COc1cc(OC)c(C(=O)CCC[NH+]2CCCC2)c(OC)c1,1
O=C(c1ccc(F)c(F)c1Nc1ccc(I)cc1F)[NH+]1CC(O)(C2CCCC[NH2+]2)C1,1
CNC(=O)c1ccc(N2C(=S)N(c3ccc(C#N)c(C(F)(F)F)c3)C(=O)C2(C)C)cc1F,1
O=C([O-])C[NH+](CC[NH+](CC(=O)[O-])CC(=O)[O-])CC[NH+](CC(=O)[O-])C(COCc1ccccc1)C(=O)[O-],1
CNC(=O)c1ccccc1Sc1ccc2c(C=Cc3ccccn3)[n-]nc2c1,1
CNC(=O)c1cc(Oc2ccc(NC(=O)Nc3ccc(Cl)c(C(F)(F)F)c3)cc2)ccn1,1
CCCCCCCCCC[NH2+]CC[NH2+]C1(C)CC(OC2C(Oc3c4cc5cc3Oc3ccc(cc3Cl)C(O)C(NC(=O)C(CC(C)C)[NH2+]C)C(=O)NC(CC(N)=O)C(=O)NC5C(=O)Nc3c([O-])[n-]c(c([O-])[n-]c(=C(O)O)c5cc([O-])c(C[NH2+]C[P](=O)(=O)O)c([O-])c5c5cc3ccc5[O-])C(O)c3ccc(c(Cl)c3)O4)OC(CO)C(O)C2O)OC(C)C1O,1
CNC(=O)c1cnn(-c2nc(=N)c3ncn(C4OC(CO)C(O)C4O)c3[n-]2)c1,1
CNS(=O)(=O)Cc1ccc2[nH]cc(CC[NH+](C)C)c2c1,1
COc1cc2nccc(Oc3ccc(NC(=O)N=c4cc(C)o[n-]4)c(Cl)c3)c2cc1OC,1
OCCOc1ccc(C(=C(CCCl)c2ccccc2)c2ccccc2)cc1,1
CC#CCn1c(N2CCCC([NH3+])C2)nc2c1c(=O)n(Cc1nc(C)c3ccccc3n1)c(=O)n2C,1
COc1ccc(C(=O)Nc2ccccc2CCC2CCCC[NH+]2C)cc1,1
CC(C)(O)CN=c1[n-]c(-c2cccc(C(F)(F)F)n2)nc(=Nc2ccnc(C(F)(F)F)c2)[n-]1,1
COc1nc2ccc(Br)cc2cc1C(c1ccccc1)C(O)(CC[NH+](C)C)c1cccc2ccccc12,1
O=C1NC(c2ccccc2)(c2ccccc2)C(=O)[NH+]1CO[P](=O)(=O)O,1
CC12CCC3c4ccc(OC(=O)[NH+](CCCl)CCCl)cc4CCC3C1CCC2O[P](=O)(=O)O,1
Cc1c[n-]c(=NC(=O)C2C(=O)c3ccccc3S(=O)(=O)[NH+]2C)s1,1
O=C1NCC[NH+]1CC[NH+]1CCC(c2cn(-c3ccc(F)cc3)c3ccc(Cl)cc23)CC1,1
[NH3+]C(C(=O)[O-])C(O)c1ccc([O-])c([O-])c1,1
CC[NH+](CCO)CCCC(C)N=c1cc[n-]c2cc(Cl)ccc12,1
CCCCC(CC)CCC(CC(C)C)OS(=O)(=O)[O-],1
COc1cc2nccc(Oc3ccc(NC(=O)NC4CC4)c(Cl)c3)c2cc1C(N)=O,1
C[NH+](CCOc1ccc(NS(C)(=O)=O)cc1)CCc1ccc(NS(C)(=O)=O)cc1,1
CCCCCCCCCCCCCCOS(=O)(=O)[O-],1
CCCCCCC(=O)OC1CCC2C3CC=C4CC(=O)CCC4(C)C3CCC12C,1
COc1ccc(C[NH+]2C3CC2CN(c2ccc(-c4cc(OCC(C)(C)O)cn5ncc(C#N)c45)cn2)C3)cn1,1
Cc1ccc(C(=O)c2ccc(CC(=O)[O-])n2C)cc1,1
COCC(=O)OC1(CC[NH+](C)CCCc2nc3ccccc3[n-]2)CCc2cc(F)ccc2C1C(C)C,1
CCCCC(=O)OC1CCC2C3CCc4cc([O-])ccc4C3CCC12C,1
COCCc1ccc(OCC(O)C[NH2+]C(C)C)cc1,1
COCC(NC(C)=O)C(=O)NCc1ccccc1,1
CC12CCC(=O)C=C1CCC1C2CCC2(C)C(OC(=O)CCC3CCCC3)CCC12,1
CC12CCC3c4ccc([O-])cc4CCC3C1CCC2O,1
C[NH+](C)CCOc1ccc(C(=C(CCCl)c2ccccc2)c2ccccc2)cc1,1
[NH3+]C(CC(=O)[NH+]1CCn2c(nnc2C(F)(F)F)C1)Cc1cc(F)c(F)cc1F,1
CS(=O)(=O)c1ccc(-c2coc([O-])c2-c2ccccc2)cc1,1
CC(=O)C1CCC2C3CC=C4CC(=O)CCC4(C)C3CCC12C,1
C[NH+](C)CCc1c[nH]c2ccc(CC3COC(=O)N3)cc12,1
COC(=O)NC(C(=O)[N-]N(Cc1ccc(-c2ccccn2)cc1)CC(O)C(Cc1ccccc1)NC(=O)C(NC(=O)OC)C(C)(C)C)C(C)(C)C,1
CS(=O)(=O)CC[NH2+]Cc1ccc(-c2ccc3[n-]cnc(=Nc4ccc(OCc5cccc(F)c5)c(Cl)c4)c3c2)o1,1
CO[N-]C(=O)Nc1ccc(-c2sc3c(c2C[NH+](C)C)c(=O)n(-c2ccc(OC)nn2)c(=O)n3Cc2c(F)cccc2F)cc1,1
COc1ccc2cc(C(C)C(=O)[O-])ccc2c1,1
[NH3+]C(Cc1cc(I)c(Oc2cc(I)c([O-])c(I)c2)c(I)c1)C(=O)[O-],1
CC(=O)Nc1cccc(-n2c(=O)n(C3CC3)c(=O)c3c(Nc4ccc(I)cc4F)n(C)c(=O)c(C)c32)c1,1
COc1ccc2cc(CCC(C)=O)ccc2c1,1
N#CCC(C1CCCC1)n1cc(-c2ncnc3[nH]ccc23)cn1,1
CC(=O)Nc1c(I)c(NC(C)=O)c(I)c(C(=O)[O-])c1I,1
Cn1cnc2c(F)c(Nc3ccc(Br)cc3F)c(C(=O)[N-]OCCO)cc21,1
CC[N+](C)(C)c1cccc([O-])c1,1
Cn1c(=O)c2c(ncn2C)n(C)c1=O,1
CSc1nc2cc(Cl)c(Oc3cccc(Cl)c3Cl)cc2[n-]1,1
CSc1ccc(OCc2ncc([N+](=O)[O-])n2C)cc1,1
CC(C)(C)[NH2+]CC(O)c1cc([O-])cc([O-])c1,1
C[NH+](C)C(=O)c1cc2c[n-]c(=Nc3ccc(N4CC[NH2+]CC4)cn3)nc2n1C1CCCC1,1
COc1cc2c(cc1[O-])CC[NH2+]C21CSC2c3c(OC(C)=O)c(C)c4c(c3C(COC1=O)[NH+]1C(O)C3Cc5cc(C)c(OC)c([O-])c5C(C21)[NH+]3C)OCO4,1
C[NH2+]C1CCc2[nH]c3ccc(C(N)=O)cc3c2C1,1
N#Cc1ccc(C2CCc3cncn32)c(F)c1,1
Cc1ccc(Cl)c(Nc2ccccc2C(=O)[O-])c1Cl,1
COc1cc2c(=Nc3ccc(Br)cc3F)[n-]cnc2cc1OCC1CC[NH+](C)CC1,1
O=C(C(O)C(O)O)C(O)C(O)CO,1
C[NH+]1C(C(=O)N=c2cccc[n-]2)C(=O)c2ccccc2S1(=O)=O,1
COc1ccc2c(c1)c(CC(=O)[O-])c(C)n2C(=O)c1ccc(Cl)cc1,1
CC(C)[NH+](CCC(C(N)=O)(c1ccccc1)c1ccccn1)C(C)C,1
Cn1cnc2c(F)c(Nc3ccc(Br)cc3Cl)c(C(=O)[N-]OCCO)cc21,1
CC12CC3CC(C)(C1)CC([NH3+])(C3)C2,1
COc1ccc(CN=c2[n-]c([NH+]3CCCC3CO)ncc2C(=O)NCc2ncccn2)cc1Cl,1
CC(C)C([NH3+])C(=O)OCC(CO)OCn1cnc2c(=O)[n-]c(=N)[n-]c21,1
Fc1ccc(C2CC[NH2+]CC2COc2ccc3c(c2)OCO3)cc1,1
Cc1nc2c([n-]1)-c1ccccc1N(C(=O)c1ccc(NC(=O)c3ccccc3-c3ccccc3)cc1)CC2,1
CCC(=O)N(c1ccccc1)C1(C(=O)OC)CC[NH+](CCC(=O)OC)CC1,1
CC(C)Oc1ccc(-c2nc(-c3cccc4c3CCC4[NH2+]CCO)no2)cc1C#N,1
O=C(NC1CC[NH+](CCCCC2(C(=O)NCC(F)(F)F)c3ccccc3-c3ccccc32)CC1)c1ccccc1-c1ccc(C(F)(F)F)cc1,1
CC(CN1c2ccccc2Sc2ccccc21)[NH+](C)C,1
CC(CCc1ccc([O-])cc1)[NH2+]CCc1ccc([O-])c([O-])c1,1
Cc1ccsc1C(=CCC[NH+]1CCCC(C(=O)[O-])C1)c1sccc1C,1
Cc1c(-c2ccccc2)oc2c(C(=O)OCC[NH+]3CCCCC3)cccc2c1=O,1
CCCCCC(C)(O)C=CC1C(O)CC(O)C1CC=CCCCC(=O)[O-],1
COc1c(CC=C(C)CCC(=O)[O-])c([O-])c2c([O-])occ2c1C,1
COc1cc(C)c(C=CC(C)=CC=CC(C)=CC(=O)[O-])c(C)c1C,1
COc1cc(N2CCC([NH+]3CC[NH+](C)CC3)CC2)ccc1N=c1[n-]cc(Cl)c(=Nc2ccccc2P(C)(C)=O)[n-]1,1
COc1c(CC=C(C)CCC(=O)OCC[NH+]2CCOCC2)c([O-])c2c([O-])occ2c1C,1
CC([NH3+])C12CC3CC(CC(C3)C1)C2,1
COc1c(OCCC[NH+]2CCOCC2)ccc2c3n(c(=NC(=O)c4cnc(=N)[n-]c4)nc12)CCN3,1
C[NH+]1CCC23c4c5ccc([O-])c4OC2C(=O)CCC3C1C5,1
CC(=O)Oc1cc2c(s1)CC[NH+](C(C(=O)C1CC1)c1ccccc1F)C2,1
CCOC(=O)C(CCc1ccccc1)[NH2+]C(C)C(=O)[NH+]1C(C(=O)[O-])CC2CCCC21,1
N=c1[n-]c(=O)c2c(CCc3ccc(C(=O)NC(CCC(=O)[O-])C(=O)[O-])cc3)c[nH]c2[n-]1,1
COc1ccc2[n-]c([S+](O)Cc3ncc(C)c(OC)c3C)nc2c1,1
CCON=C(C(=O)NC1C(=O)[NH+]2C(C(=O)[O-])=C(Sc3nc(-c4cc[n+](C)cc4)cs3)CSC12)c1nc(=N[P](=O)(=O)O)s[n-]1,1
CC(=O)N(O)CCCCCNC(=O)CCC(=O)N(O)CCCCCNC(=O)CCC(=O)N(O)CCCCC[NH3+],1
N=c1ccn(CC(CO)OC[P](=O)(=O)O)c(=O)[n-]1,1
N=c1ccn(C2OC(CO)C(O)C2O)c(=O)[n-]1,1
N=c1ccn(C2OC(CO)C(O)C2(F)F)c(=O)[n-]1,1
N=c1ncn(C2OC(CO)C(O)C2O)c(=O)[n-]1,1
CCN(C(C)=O)c1cccc(-c2ccnc3c(C#N)cnn23)c1,1
CCOC(=O)C1=C(C)N=C(C)C(C(=O)OC)C1c1cccc(Cl)c1Cl,1
N=c1ncn(C2CC(O)C(CO)O2)c(=O)[n-]1,1
COC=C1CSC2C(=NC(=O)C([NH2+]OC)c3csc(=N)[n-]3)C(=O)[NH+]2C1C(=O)OC(C)OC(=O)OC(C)C,1
COCCOC(=O)C1=C(C)N=C(C)C(C(=O)OC(C)C)C1c1cccc([N+](=O)[O-])c1,1
CON=C(C(=O)NC1C(=O)[NH+]2C(C(=O)OC(C)OC(C)=O)=C(COC(N)=O)CSC12)c1ccco1,1
C[NH+](C)C(=O)Oc1cccc([N+](C)(C)C)c1,1
CC([NH2+]Cc1ccc(OCc2cccc(F)c2)cc1)C(N)=O,1
CS(=O)(=O)c1ccc(Oc2cc(F)cc(C#N)c2)c2c1C(O)C(F)C2F,1
CS(=O)(=O)OCCCCOS(C)(=O)=O,1
N=c1[n-]c(F)nc2c1ncn2C1OC(CO[P](=O)(=O)O)C(O)C1O,1
C#CC[NH2+]C1CCc2ccccc21,1
CCCCNc1cc(C(=O)[O-])cc(S(N)(=O)=O)c1Oc1ccccc1,1
CCCNS(=O)(=O)N=c1[n-]cnc(OCCOc2ncc(Br)cn2)c1-c1ccc(Br)cc1,1
CCOC(=O)c1cncn1C(C)c1ccccc1,1
CCC=CCC=CCC=CCC=CCC=CCCCC(=O)OCC,1
CCOc1cc(CC(=O)NC(CC(C)C)c2ccccc2N2CCCCC2)ccc1C(=O)[O-],1
COc1cc(OC)cc(N(CC[NH2+]C(C)C)c2ccc3ncc(-c4cnn(C)c4)nc3c2)c1,1
C#CC[NH+](C)C(C)Cc1ccccc1,1
CC1OC2(CS1)C[NH+]1CCC2CC1,1
CC(Cc1ccccc1)[NH+](C)Cc1ccccc1,1
COc1ccc(C(C[NH+](C)C)C2(O)CCCCC2)cc1,1
C=C1CCC2(O)C3Cc4ccc([O-])c5c4C2(CC[NH+]3CC2CC2)C1O5,1
COc1ccc(-n2nc(C(N)=O)c3c2C(=O)N(c2ccc(N4CCCCC4=O)cc2)CC3)cc1,1
COc1ccc2c3c1OC1C(=O)CCC4(O)C(C2)[NH+](C)CCC314,1
[O-]c1ccc2c3c1OC1C(O)CCC4(O)C(C2)[NH+](CC2CCC2)CCC314,1
COC12CCC3(CC1C(C)(O)C(C)(C)C)C1Cc4ccc([O-])c5c4C3(CC[NH+]1CC1CC1)C2O5,1
O=C1CCC2(O)C3Cc4ccc([O-])c5c4C2(CC[NH+]3CC2CC2)C1O5,1
C=CC[NH+]1CCC23c4c5ccc([O-])c4OC2C(=O)CCC3(O)C1C5,1
[O-]c1c2c(c([O-])n1CC1CCCCC1C[NH+]1CCN(c3nsc4ccccc34)CC1)C1CCC2C1,1
COc1cccc(N2CCN(C3=[NH+]c4c(F)cccc4C(CC(=O)[O-])N3c3cc(C(F)(F)F)ccc3OC)CC2)c1,1
COc1ccccc1Oc1c(OCCO)[n-]c(-c2ncccn2)nc1=NS(=O)(=O)c1ccc(C(C)(C)C)cc1,1
Nc1ccc(C(=O)[O-])c([O-])c1,1
COc1ccccc1OCC(O)COC(N)=O,1
CCS(=O)(=O)CCn1c([N+](=O)[O-])cnc1C,1
CCOCCP(CCOCC)CCP(CCOCC)CCOCC,1
CCOc1nc2cccc(C(=O)OC(C)OC(=O)OC3CCCCC3)c2n1Cc1ccc(-c2ccccc2-c2nn[n-]n2)cc1,1
C=CC1=C(C(=O)[O-])[NH+]2C(=O)C(NC(=O)C(=NO)c3csc(=N)[n-]3)C2SC1,1
NC(=[NH2+])N=c1[n-]c(CSCCC(=[NH2+])NS(N)(=O)=O)cs1,1
CCc1c(C)[nH]c2c1C(=O)C(C[NH+]1CCOCC1)CC2,1
C[NH+](C)C(=O)NC1CCC(CC[NH+]2CCN(c3cccc(Cl)c3Cl)CC2)CC1,1
COC(=O)N(C)c1c(N)[n-]c(-c2nn(Cc3ccccc3F)c3ncccc23)nc1=N,1
COc1cccc(C2(O)CCCCC2C[NH+](C)C)c1,1
Cn1cc(-c2cc3c(N4CCN(c5ncc(C(C)([NH3+])c6ccc(F)cc6)cn5)CC4)ncnn3c2)cn1,1
Cc1c([O-])c(=O)ccn1C,1
N#Cc1ccc(C(c2ccc(C#N)cc2)n2cncn2)cc1,1
COc1cc2[n-]c(N3CC[NH+](C(=O)c4ccco4)CC3)nc(=N)c2cc1OC,1
COc1cc2c(cc1OC)C(=O)C(CC1CC[NH+](Cc3ccccc3)CC1)C2,1
CC(=O)CCCCn1c(=O)c2c(ncn2C)n(C)c1=O,1
CN1C(=O)CN=C(c2ccccc2)c2cc(Cl)ccc21,1
C[NH+](C)CCOC(c1ccccc1)c1ccccc1,1
Cn1c(=O)c2[n-]cnc2n(C)c1=O,1
CN1C(=O)C(O)N=C(c2ccccc2)c2cc(Cl)ccc21,1
C[NH2+][NH2+]Cc1ccc(C(=O)NC(C)C)cc1,1
C[NH2+]CCCN1c2ccccc2CCc2ccccc21,1
C[NH2+]CCCC1c2ccccc2C=Cc2ccccc21,1
C[NH+]1CC(=O)[NH+]2C(Cc3c([nH]c4ccccc34)C2c2ccc3c(c2)OCO3)C1=O,1
C[NH+]1CCC(=C2c3ccccc3C=Cc3ccccc32)CC1,1
C[NH2+]CCC(Oc1cccc2ccccc12)c1cccs1,1
C[NH+]1CCC(C(=O)c2cccc(=NC(=O)c3c(F)cc(F)cc3F)[n-]2)CC1,1
C[NH2+]C1(c2ccccc2Cl)CCCCC1=O,1
C[NH2+]C1(C)C2CCC(C2)C1(C)C,1
C[NH+]=C(C[N+](=O)[O-])NCCSCc1ccc(C[NH+](C)C)o1,1
O=c1[n-]c2ccccc2n1C1CC[NH+](CCCC(c2ccc(F)cc2)c2ccc(F)cc2)CC1,1
C[NH+]1CC[NH+](C(=O)Oc2c3nccnc3c([O-])n2-c2ccc(Cl)cn2)CC1,1
Cc1cc2c(s1)=Nc1ccccc1NC=2[NH+]1CC[NH+](C)CC1,1
C[NH+]1CCC23c4c5ccc([O-])c4OC2C(=O)CCC3(O)C1C5,1
Cc1[n-]cnc1C[NH+]1CCc2c(c3ccccc3n2C)C1=O,1
C[NH+]1C(CSCC(F)(F)F)[NH2+]c2cc(Cl)c(S(N)(=O)=O)cc2S1(=O)=O,1
C[NH+]1CC[NH+](CCCN2c3ccccc3Sc3ccc(Cl)cc32)CC1,1
COc1cc2[n-]c(N(C)CCCNC(=O)C3CCCO3)nc(=N)c2cc1OC,1
FC(F)(F)c1ccc(CN=c2ccc(Cc3c[nH]c4ncc(Cl)cc34)c[n-]2)cn1,1
[NH3+]C(Cc1ccc(N(CCCl)CCCl)cc1)C(=O)[O-],1
O=N[NH+](CCCl)C(=O)NCCCl,1
[NH3+]C1CO[N-]C1=O,1
C[NH+](C)CC(c1ccc([O-])cc1)C1(O)CCCCC1,1
O=C1CCc2ccc(OCCCC[NH+]3CCN(c4cccc(Cl)c4Cl)CC3)cc2N1,1
Clc1ccc2c(c1)C(N1CC[NH2+]CC1)=[NH+]c1ccccc1O2,1
Clc1ccc2c(c1)C(c1ccccc1)=NCc1nncn1-2,1
NC(=[NH2+])NC(=O)Cc1c(Cl)cccc1Cl,1
NC(=[NH2+])NCc1cccc(I)c1,1
Clc1ccc2nsnc2c1NC1=[NH+]CCN1,1
O=C([O-])c1cc2ccccc2c(Cc2c([O-])c(C(=O)[O-])cc3ccccc23)c1[O-],1
NC(=O)C(c1ccccc1)(c1ccccc1)C1CC[NH+](CCc2ccc3c(c2)CCO3)C1,1
C=CC(=O)[NH+]1CCC(C2CCNc3c(C(N)=O)c(-c4ccc(Oc5ccccc5)cc4)nn32)CC1,1
OC(CC[NH+]1CCCCC1)(c1ccccc1)C1CCCCC1,1
N#Cc1ccc2[nH]cc(CCCC[NH+]3CCN(c4ccc5oc(C(N)=O)cc5c4)CC3)c2c1,1
O=C1CC2(CCCC2)CC(=O)[NH+]1CCCC[NH+]1CCN(c2ncccn2)CC1,1
C[NH+]1CC[NH+](CCC=C2c3ccccc3Sc3ccc(S(=O)(=O)[NH+](C)C)cc32)CC1,1
CN(Cc1cnc2[n-]c(=N)[n-]c(=N)c2n1)c1ccc(C(=O)NC(CCC(=O)[O-])C(=O)[O-])cc1,1
[NH3+]C12CC3CC(CC(C3)C1)C2,1
N=c1[n-]c(N)c(C(=O)NC(N)=[NH2+])nc1Cl,1
C[NH2+]C(CC(C)C)C(=O)NC1C(=O)NC(CC(N)=O)C(=O)NC2C(=O)Nc3c([O-])[n-]c(c([O-])[n-]c(=C(O)O)c4cc([O-])cc([O-])c4c4cc3ccc4[O-])C(O)c3ccc(c(Cl)c3)Oc3cc2cc(c3OC2OC(CO)C(O)C(O)C2OC2CC(C)([NH3+])C(O)C(C)O2)Oc2ccc(cc2Cl)C1O,1
NC(=O)c1cccc2cn(-c3ccc(C4CCC[NH2+]C4)cc3)nc12,1
NC(=O)c1cn(Cc2c(F)cccc2F)nn1,1
COc1cc2[n-]c(N3CC[NH+](C(=O)C4CCCO4)CC3)nc(=N)c2cc1OC,1
COC(=O)Nc1c(N)[n-]c(-c2nn(Cc3ccccc3F)c3ncc(F)cc23)nc1=N,1
Cn1c(CCCC(=O)[O-])nc2cc(N(CCCl)CCCl)ccc21,1
Cn1nnc(-c2ccc(-c3ccc(N4CC(CO[P](=O)(=O)O)OC4=O)cc3F)cn2)n1,1
CCOC(=O)C(CCc1ccccc1)[NH2+]C(C)C(=O)[NH+]1Cc2cc(OC)c(OC)cc2CC1C(=O)[O-],1
CCC(=O)N(c1ccccc1)C1(COC)CC[NH+](CCn2nnn(CC)c2=O)CC1,1
COC1(C(=O)NC(C)c2ccc(-n3cc(F)cn3)nc2)CCC(c2nc(=Nc3cc(C)[n-]n3)cc(C)[n-]2)CC1,1
CC[NH+](CC)CCOC(=O)c1ccc(N)cc1,1
COC1C=COC2(C)Oc3c(C)c([O-])c4c([O-])c(c5c(c4c3C2=O)=NC2(CC[NH+](CC(C)C)CC2)N=5)NC(=O)C(C)=CC=CC(C)C(O)C(C)C(O)C(C)C(OC(C)=O)C1C,1
CC[NH+](CC)CCOC(=O)C1(C2CCCCC2)CCCCC1,1
COC1C=COC2(C)Oc3c(C)c([O-])c4c([O-])c(c(=C[NH2+][NH+]5CC[NH+](C6CCCC6)CC5)c([O-])c4c3C2=O)=NC(=O)C(C)=CC=CC(C)C(O)C(C)C(O)C(C)C(OC(C)=O)C1C,1
NC(=O)OCC([NH3+])Cc1ccccc1,1
CC[NH+](CC)CCN1C(=O)CN=C(c2ccccc2F)c2cc(Cl)ccc21,1
CC[NH+](CC)C(=O)C1(c2ccccc2)CC1C[NH3+],1
CSCCC(N=C(O)C(CO)NC(=O)C(Cc1ccc([O-])cc1)NC(=O)C([NH3+])CO)C(=O)NC(CCC(=O)[O-])C(=O)NC(Cc1cnc[n-]1)C(=O)NC(Cc1ccccc1)C(=O)NC(CCCNC(N)=[NH2+])C(=O)NC(Cc1c[nH]c2ccccc12)C(O)=NCC(O)=NC(CCCC[NH3+])C(=O)[NH+]1CCCC1C(O)=NC(C(O)=NCC(O)=NC(CCCC[NH3+])C(O)=NC(CCCC[NH3+])C(O)=NC(CCCNC(N)=[NH2+])C(O)=NC(CCCNC(N)=[NH2+])C(=O)[NH+]1CCCC1C(O)=NC(C(O)=NC(CCCC[NH3+])C(O)=NC(C(O)=NC(Cc1ccc([O-])cc1)C(=O)[NH+]1CCCC1C(=O)[O-])C(C)C)C(C)C)C(C)C,1
CON=C1CC2(CC3CC(CC=C(C)CC(C)C=CC=C4COC5C(O)C(C)=CC(C(=O)O3)C45O)O2)OC(C(C)=CC(C)C)C1C,1
COC(c1ccccc1)(c1ccccc1)C(Oc1nc(C)cc(C)n1)C(=O)[O-],1
CCC[NH2+]C(C)C(=O)Nc1ccccc1C,1
CSCCC(NC(=O)C(Cc1ccc(OS(=O)(=O)[O-])cc1)NC(=O)C([NH3+])CC(=O)[O-])C(=O)NCC(=O)NC(Cc1c[nH]c2ccccc12)C(=O)NC(CCSC)C(=O)NC(CC(=O)[O-])C(=O)NC(Cc1ccccc1)C(N)=O,1
[O-]c1ccc(C2C[NH2+]CCc3c2cc([O-])c([O-])c3Cl)cc1,1
COC(=O)CC(O)(CCCC(C)(C)O)C(=O)OC1C(OC)=CC23CCC[NH+]2CCc2cc4c(cc2C13)OCO4,1
NC(=O)OCC(COC(N)=O)c1ccccc1,1
COC(=O)C1=C(C)N=C(C)C(C(=O)OC)C1c1ccccc1[N+](=O)[O-],1
CCCCc1oc2ccccc2c1C(=O)c1cc(I)c(OCC[NH+](CC)CC)c(I)c1,1
CCCC(=O)Nc1ccc(OCC(O)C[NH2+]C(C)C)c(C(C)=O)c1,1
CCc1nn(CCC[NH+]2CCN(c3cccc(Cl)c3)CC2)c(=O)n1CCOc1ccccc1,1
COC(=O)C1=C(C)N=C(C)C(C(=O)OCC(C)C)C1c1ccccc1[N+](=O)[O-],1
CCc1cc2c(cc1N1CCC([NH+]3CCOCC3)CC1)C(C)(C)c1[nH]c3cc(C#N)ccc3c1C2=O,1
CCc1c2c(nc3ccc(OC(=O)[NH+]4CCC([NH+]5CCCCC5)CC4)cc13)-c1cc3c(c(=O)n1C2)COC(=O)C3(O)CC,1
COC(=O)C1=C(C)N=C(C)C(C(=O)OC(C)C)C1c1cccc2nonc12,1
CCOC(=O)C(CCc1ccccc1)[NH2+]C1CCc2ccccc2N(CC(=O)[O-])C1=O,1
COC1CC2CCC(C)C(O)(O2)C(=O)C(=O)[NH+]2CCCCC2C(=O)OC(C(C)CC2CCC(OC(=O)C(C)(CO)CO)C(OC)C2)CC(=O)C(C)=CC(C)C(O)C(OC)C(=O)C(C)CC(C)C=CC=CC=C1C,1
CNc1ccc(C=Cc2ccc(OCCOCCOCCF)nc2)cc1,1
C[NH2+]C(C)C(O)c1ccccc1,1
C[NH+](C)CCCN1c2ccccc2Sc2ccc(Cl)cc21,1
C[NH+](C)CCCN1c2ccccc2CCc2ccccc21,1
C[NH+](C)CCCN1c2ccccc2CCc2ccc(Cl)cc21,1
C[NH+](C)CCC=C1c2ccccc2C=Cc2ccccc21,1
C[NH+](C)CCC=C1c2ccccc2COc2ccccc21,1
NC(=O)N1c2ccccc2CC(=O)c2ccccc21,1
Clc1cccc(Cl)c1NC1=[NH+]CCN1,1
C[NH+]=C(NC#N)NCCSCc1[n-]cnc1C,1
C[NH+]=C(C[N+](=O)[O-])NCCSCc1csc(C[NH+](C)C)n1,1
O=C([O-])COCC[NH+]1CC[NH+](C(c2ccccc2)c2ccc(Cl)cc2)CC1,1
O=C(N=c1c(Cl)c[n-]cc1Cl)c1ccc(OC(F)F)c(OCC2CC2)c1,1
NC(=O)[NH+]1CCC(CC(=O)[NH+]2CCC(C3c4ncc(Br)cc4CCc4cc(Cl)cc(Br)c43)CC2)CC1,1
O=c1[n-]c2ccccc2n1CC[NH+]1CCN(c2ccc(C(F)(F)F)cc2)CC1,1
N#Cc1cccc(C([NH2+]CC2CC2)c2ccc(F)c(NC(=O)c3cc(C(F)(F)F)nn3-c3cccc(C[NH3+])c3)c2)c1,1
N=c1[n-]c(-n2cc(C(=O)[O-])c(=O)c3cc(F)c(N4CC(O)C4)c(Cl)c32)c(F)cc1F,1
C[NH+]1CC[NH+](CCCN2c3ccccc3Sc3ccc(C(F)(F)F)cc32)CC1,1
CCOC(=O)C(CS)[NH2+]CC[NH2+]C(CS)C(=O)OCC,1
CCC[NH2+]C1CCc2[n-]c(=N)sc2C1,1
CNc1ccc(-c2nc3ccc([O-])cc3s2)cc1F,1
CC(O)C(O)C1CNc2[n-]c(=N)[n-]c(=O)c2[NH2+]1,1
O=C(C=Cn1cnc(-c2cc(C(F)(F)F)cc(C(F)(F)F)c2)n1)[N-]N=c1cncc[n-]1,1
C[NH+](C)C1C(=O)C(C(N)=O)C(=O)C2(O)C(=O)c3c(cc4c(F)cc(NC(O)C[NH+]5CCCC5)c([O-])c4c3[O-])CC12,1
CCOc1ccccc1OCC1C[NH2+]CCO1,1
CCOC(=O)C1(c2ccccc2)CC[NH+](C)CC1,1
CC[NH+](CC)CCNC(=O)c1cc(Cl)c(N)cc1OC,1
CC(C=CC(C)C(C)(C)O)C1CCC2C(=CC=C3CC(O)CC(O)C3)CCCC21C,1
CC(C)n1c(C=CC(O)CC(O)CC(=O)[O-])c(-c2ccc(F)cc2)c2ccccc21,1
CCC(C)C(=O)OC1CC(O)C=C2C=CC(C)C(CCC(O)CC(O)CC(=O)[O-])C21,1
CC1(C)SC2C(NC(=O)Cc3ccccc3)C(=O)[NH+]2C1C(=O)[O-],1
Cc1onc(-c2ccccc2)c1C(=O)NC1C(=O)[NH+]2C1SC(C)(C)C2C(=O)[O-],1
C=CCC1(C(C)C#CCC)C(=O)[N-]C(=O)N(C)C1=O,1
CCC(=O)OC(OP(=O)(CCCCc1ccccc1)CC(=O)[NH+]1CC(C2CCCCC2)CC1C(=O)[O-])C(C)C,1
CCCC(C)C1(CC)C(=O)[N-]C(=O)[N-]C1=O,1
CC(C)(O)c1ccccc1CCC(SCC1(CC(=O)[O-])CC1)c1cccc(C=Cc2ccc3ccc(Cl)cc3n2)c1,1
C=CCC1(C(C)CCC)C(=O)[N-]C(=O)[N-]C1=O,1
CCCC(CCC)C(=O)[O-],1
CCCCCC(O)C=CC1C(O)CC2OC(=CCCCC(=O)[O-])CC21,1
CCCCC[NH+](C)CCC(O)([P](=O)(=O)O)[P](=O)(=O)O,1
O=C(OC1C[NH+]2CCC1CC2)[NH+]1CCc2ccccc2C1c1ccccc1,1
COC1(NC(=O)Cc2cccs2)C(=O)[NH+]2C(C(=O)[O-])=C(COC(N)=O)CSC21,1
Cc1ccccc1C(OCC[NH+](C)C)c1ccccc1,1
O=S(=O)([O-])CCS,1
O=C([O-])CCCc1ccccc1,1
O=C([O-])C[NH+]1CC[NH+](CC(=O)[O-])CC[NH+](CC(=O)[O-])CC[NH+](CC(=O)[O-])CC1,1
CCCCc1nc(Cl)c(CO)n1Cc1ccc(-c2ccccc2-c2nn[n-]n2)cc1,1
CC1=C2CC(=O)C=CC2(C)C2C(O)CC3(C)C(CCC3(O)C(=O)COC(=O)CCC(=O)[O-])C2C1,1
CC12CCC(=O)C=C1CCC1C2C(O)CC2(C)C1CCC2(O)C(=O)COC(=O)CCC(=O)[O-],1
OC(C[NH2+]CC(O)C1CCc2cc(F)ccc2O1)C1CCc2cc(F)ccc2O1,1
O=C([O-])CNC(=O)CNC(=O)CNC(=O)CSC(=O)c1ccccc1,1
O=[P](=O)(O)C[NH+](CC[NH+](C[P](=O)(=O)O)C[P](=O)(=O)O)C[P](=O)(=O)O,1
CC12C=CC(=O)C=C1CCC1C2C(O)CC2(C)C1CCC2(O)C(=O)CO[P](=O)(=O)O,1
[NH3+]CCC(O)([P](=O)(=O)O)[P](=O)(=O)O,1
O=[P-](=O)(O)C(O)(C[C+]1C=CC=[N+]=C1)[P-](=O)(=O)O,1
C[NH+]1CCN(C2=[NH+]c3ccccc3Oc3ccc(Cl)cc32)CC1,1
O=C([O-])c1cc(N=Nc2ccc([O-])c(C(=O)[O-])c2)ccc1[O-],1
CC[NH+](CC)CCOc1ccc(C(=C(Cl)c2ccccc2)c2ccccc2)cc1,1
CCCc1nn(C)c2c(=O)[n-]c(-c3cc(S(=O)(=O)[NH+]4CC[NH+](C)CC4)ccc3OCC)nc12,1
[NH3+]C(Cc1cc(I)c(Oc2ccc([O-])c(I)c2)c(I)c1)C(=O)[O-],1
N=c1[n-]c(=O)c2ncn(COCCO)c2[n-]1,1
O=C([O-])c1cc(N=Nc2ccc(S(=O)(=O)N=c3cccc[n-]3)cc2)ccc1[O-],1
CC1CNc2c(cccc2S(=O)(=O)NC(CCC[NH+]=C(N)N)C(=O)[NH+]2CCC(C)CC2C(=O)[O-])C1,1
Cc1ccc(-n2nccn2)c(C(=O)[NH+]2CCN(c3nc4cc(Cl)ccc4o3)CCC2C)c1,1
CC([NH3+])(Cc1ccc([O-])c([O-])c1)C(=O)[O-],1
CC12CCC(=O)C=C1CCC1C2CCC2(C)C1CCC2(C)O,1
CC12C=CC(=O)C=C1CCC1C2C(O)CC2(C)C1CCC2(O)C(=O)CO,1
C=C1CC2C(CCC3(C)C(=O)CCC23)C2(C)C=CC(=O)C=C12,1
C#CC1(O)CCC2C3CCC4=Cc5oncc5CC4(C)C3CCC21C,1
N=c1[n-]nc(-c2cccc(Cl)c2Cl)c(=N)[n-]1,1
CC(Cc1cc2c(c(C(N)=O)c1)N(CCCO)CC2)[NH2+]CCOc1ccccc1OCC(F)(F)F,1
OCCOCC[NH+]1CCN(C2=[NH+]c3ccccc3Sc3ccccc32)CC1,1
CC(CCC(=O)[O-])C1CCC2C3CCC4CC(O)CCC4(C)C3CC(O)C12C,1
CC(CS)C(=O)[NH+]1CCCC1C(=O)[O-],1
CC([NH2+]C(CCc1ccccc1)C(=O)[O-])C(=O)[NH+]1CCCC1C(=O)[O-],1
C[NH+]1CCCC1CCOC(C)(c1ccccc1)c1ccc(Cl)cc1,1
CC1C(=NC(=O)C([NH2+]OC(C)(C)C(=O)[O-])c2csc(=N)[n-]2)C(=O)N1S(=O)(=O)[O-],1
Cc1c(C(=O)NC(C(=O)NC(C)C(O)C(C)C(=O)NC(C(=O)NCCc2nc(-c3nc(C(=O)NCCC[S+](C)C)cs3)cs2)C(C)O)C(OC2OC(CO)C(O)C(O)C2OC2OC(CO)C(O)C(OC(N)=O)C2O)c2c[n-]cn2)[n-]c(C(CC(N)=O)[NH2+]CC([NH3+])C(N)=O)nc1=N,1
OCC1OC(n2cnc3c2[NH+]=CNCC3O)CC1O,1
CC(O)C1C(=O)[NH+]2C(C(=O)[O-])=C(SC3C[NH2+]C(C(=O)Nc4cccc(C(=O)[O-])c4)C3)C(C)C12,1
CSCCC(N=C(O)C(CO)N=C(O)C(Cc1ccc([O-])cc1)NC(=O)C([NH3+])CO)C(=O)NC(CCC(=O)[O-])C(=O)NC(Cc1cnc[n-]1)C(=O)NC(Cc1ccccc1)C(=O)NC(CCCNC(N)=[NH2+])C(=O)NC(Cc1c[nH]c2ccccc12)C(O)=NCC(O)=NC(CCCC[NH3+])C(=O)[NH+]1CCCC1C(O)=NC(C(O)=NCC(O)=NC(CCCC[NH3+])C(O)=NC(CCCC[NH3+])C(O)=NC(CCCNC(N)=[NH2+])C(O)=NC(CCCNC(N)=[NH2+])C(=O)[NH+]1CCCC1C(O)=NC(C(O)=NC(CCCC[NH3+])C(O)=NC(C(O)=NC(Cc1ccc([O-])cc1)C(=O)[NH+]1CCCC1C(O)=NC(CC(N)=O)C(O)=NCC(O)=NC(C)C(O)=NC(CCC(=O)[O-])C(O)=NC(CC(=O)[O-])C(O)=NC(CCC(=O)[O-])C(O)=NC(CO)C(O)=NC(C)C(O)=NC(CCC(=O)[O-])C(O)=NC(C)C(O)=NC(Cc1ccccc1)C(=O)[NH+]1CCCC1C(O)=NC(CC(C)C)C(O)=NC(CCC(=O)[O-])C(O)=NC(Cc1ccccc1)C(=O)[O-])C(C)C)C(C)C)C(C)C,1
N=c1[n-]c(=O)c2ncn(COC(CO)CO)c2[n-]1,1
CCC(=C(c1ccccc1)c1ccc(OCC[NH+](C)C)cc1)c1ccccc1,1
O=c1[n-]c([O-])cn1N=Cc1ccc([N+](=O)[O-])o1,1
O=C1C=NC(c2ccccc2Cl)c2cc([N+](=O)[O-])ccc2N1,1
CC(C)(ON=C(C(=O)NC1C(=O)[NH+]2C(C(=O)[O-])=C(C[N+]3(CCNC(=O)c4ccc([O-])c([O-])c4Cl)CCCC3)CSC12)c1csc(=N)[n-]1)C(=O)[O-],1
COc1ccc(CC2c3cc(OC)c(OC)cc3CC[N+]2(C)CCC(=O)OCCCCCOC(=O)CC[N+]2(C)CCc3cc(OC)c(OC)cc3C2Cc2ccc(OC)c(OC)c2)cc1OC,1
CC1=C2N=C(C=C3N=C(C(C)C4=NC(C(CC(N)=O)C4(C)CCC(=O)NCC(C)OP([O])(=O)OC4C(CO)OC([n+]5c[n-]c6cc(C)c(C)cc65)C4O)C4(C)N=C1C(CCC(N)=O)C4(C)CC(N)=O)C(CCC(N)=O)C3(C)C)C(CCC(=N)O)C2(C)CC(N)=O,1
CC([NH2+]C(C)(C)C)C(=O)c1cccc(Cl)c1,1
O=C([O-])c1cccnc1,1
O=C(C(O)C(O)O)C(OC1OC(CO)C(OC2OC(CO)C(OC3OC(CO)C(O)C(O)C3O)C(O)C2O)C(O)C1O)C(O)CO,1
OCC1OC(OC2(CO)OC(CO)C(O)C2O)C(O)C(O)C1O,1
OCC(O)C(O)C(O)C(O)COC1OC(COC2OC(CO)C(O)C(O)C2O)C(O)C(O)C1O,1
[NH3+]CC[NH2+]CC[NH2+]CC[NH2+]CC[NH3+],1
CC(Cc1ccc([O-])c([O-])c1)([NH2+]N)C(=O)[O-],1
CC(=O)c1cc(C(O)[NH2+]C(C)Cn2ccc(-c3ccc(C#N)c(Cl)c3)n2)[n-]n1,1
CC(O)C(NC(=O)C1CSSCC(NC(=O)C(Cc2ccccc2)NC(=O)C[NH+]2CC[NH+](CC(=O)[O-])CC[NH+](CC(=O)[O-])CC[NH+](CC(=O)[O-])CC2)C(=O)NC(Cc2ccc([O-])cc2)C(=O)NC(Cc2c[nH]c3ccccc23)C(=O)NC(CCCC[NH3+])C(=O)NC(C(C)O)C(=O)N1)C(=O)[O-],1
N=c1[n-]c(CC(=O)Nc2ccc(CC[NH2+]CC(O)c3ccccc3)cc2)cs1,1
OCC(S)CS,1
[NH3+]C1CC1c1ccccc1,1
CC(O)C[NH+]1CC[NH+](CC(=O)[O-])CC[NH+](CC(=O)[O-])CC[NH+](CC(=O)[O-])CC1,1
CNC(=O)C[NH+](CC[NH+](CC[NH+](CC(=O)[O-])CC(=O)NC)CC(=O)[O-])CC(=O)[O-],1
O=C([O-])C[NH+](CC[NH+](CC(=O)[O-])CC(=O)[O-])CC[NH+](CC(=O)[O-])CC(=O)[O-],1
O=C([O-])C[NH+]1CC[NH+](CC(=O)[O-])CC[NH+](C(CO)C(O)CO)CC[NH+](CC(=O)[O-])CC1,1
OCC(O)C(O)C(OC1OC(CO)C(O)C(O)C1O)C(O)CO,1
COc1ccc2c3c1OC1C(O)C=CC4C(C2)[NH+](C)CCC341,1
CCC1(O)CC2C[NH+](CCc3c([nH]c4ccccc34)C(C(=O)OC)(c3cc4c(cc3OC)[NH+](C)C3C(O)(C(=O)OC)C(OC(C)=O)C5(CC)C=CC[NH+]6CCC43C65)C2)C1,1
C=C1C(=CC=C2CCCC3(C)C2CCC3C(C)CCCC(C)(C)O)CC(O)CC1O,1
C=C1CCC(O)CC1=CC=C1CCCC2(C)C1CCC2C(C)CCCC(C)(C)O,1
CC(=O)OCC(=O)C12N=C(C)OC1CC1C3CC=C4CC(=O)C=CC4(C)C3C(O)CC12C,1
COC(=O)C1=CC2CC(=O)CCC2(C)C23OC2CC2(C)C(CCC24CCC(=O)O4)C13,1
C[NH2+]CC(=O)OCc1cccnc1N(C)C(=O)OC(C)[n+]1cnn(CC(O)(c2cc(F)ccc2F)C(C)c2nc(-c3ccc(C#N)cc3)cs2)c1,1
CC1CC2C3CC=C4CC(=O)C=CC4(C)C3(F)C(O)CC2(C)C1(O)C(=O)CO,1
CCCCCOc1ccc(-c2ccc(-c3ccc(C(=O)NC4CC(O)C(O)NC(=O)C5C(O)C(C)C[NH+]5C(=O)C(C(C)O)NC(=O)C(C(O)C(O)c5ccc([O-])cc5)NC(=O)C5CC(O)C[NH+]5C(=O)C(C(C)O)NC4=O)cc3)cc2)cc1,1
CC(C)(C)NC(=O)C1C[NH+](Cc2cccnc2)CC[NH+]1CC(O)CC(Cc1ccccc1)C(=O)NC1c2ccccc2CC1O,1
CCCCCOc1ccc(-c2cc(-c3ccc(C(=O)NC4CC(O)C(O)NC(=O)C5C(O)C(C)C[NH+]5C(=O)C(C(O)CC(N)=O)NC(=O)C(C(O)C(O)c5ccc([O-])c(OS(=O)(=O)[O-])c5)NC(=O)C5CC(O)C[NH+]5C(=O)C(C(C)O)NC4=O)cc3)no2)cc1,1
CC(=O)OCC[N+](C)(C)C,1
N[NH2+]CCc1ccccc1,1
C[N+]1(C)C2CC(OC(=O)C(CO)c3ccccc3)CC1C1OC12,1
C[N+]1(CC2CC2)CCC23c4c5ccc([O-])c4OC2C(=O)CCC3(O)C1C5,1
C[N+]1(C)CCC(OC(=O)C(O)(c2ccccc2)C2CCCC2)C1,1
C=CC[N+]1(C2CC3C4CCC5CC(O)C([NH+]6CCOCC6)CC5(C)C4CCC3(C)C2OC(C)=O)CCCC1,1
CC(C)[N+](C)(CCOC(=O)C1c2ccccc2Oc2ccccc21)C(C)C,1
COC(=O)C(c1ccccc1Cl)[NH+]1CCc2sccc2C1,1
OC(c1ccccc1)(c1ccccc1)C12CC[N+](CCOCc3ccccc3)(CC1)CC2,1
C[NH+]1CCC23c4c5ccc([O-])c4OC2C(O)C=CC3C1C5,1
CC(=O)NCCCS(=O)(=O)[O-],1
CC(C)C[NH+](CC(O[P](=O)(=O)O)C(Cc1ccccc1)NC(=O)OC1CCOC1)S(=O)(=O)c1ccc(N)cc1,1
CCC1(O)CC2C[NH+](CCc3c([nH]c4ccccc34)C(C(=O)OC)(c3cc4c(cc3OC)[NH+](C=O)C3C(O)(C(=O)OC)C(OC(C)=O)C5(CC)C=CC[NH+]6CCC43C65)C2)C1,1
O=C(OC1CC2CCC(C1)[N+]21CCCC1)C(O)(c1ccccc1)c1ccccc1,1
C[NH+]1C=CC=CC1=C=NO,1
CC(C[N+](C)(C)C)OC(=N)O,1
CC1C=CC=CC=CC=CC=CC=CC=CC(OC2OC(C)C(O)C([NH3+])C2O)CC2OC(O)(CC(O)CC(O)C(O)CCC(O)CC(O)CC(=O)OC(C)C(C)C1O)CC(O)C2C(=O)[O-],1
COc1cc([NH2+]C(C)CCC[NH3+])c2ncccc2c1,1
CC(=O)OC12COC1CC(O)C1(C)C(=O)C(=O)C3C(C)C(OC(=O)C(O)C(NC(=O)OC(C)(C)C)c4ccccc4)CC(O)(C(OC(=O)c4ccccc4)C21)C3(C)C,1
CC(OC1OCC[NH+](Cc2n[n-]c(=O)[n-]2)C1c1ccc(F)cc1)c1cc(C(F)(F)F)cc(C(F)(F)F)c1,1
Cc1ccc([O-])c(C(CC[NH+](C(C)C)C(C)C)c2ccccc2)c1,1
Cc1ccc(-c2nc3ccc(C)cn3c2CC(=O)[NH+](C)C)cc1,1
CC(O)C1C(=O)[NH+]2C(C(=O)[O-])=C(SC3C[NH2+]C(C(=O)[NH+](C)C)C3)C(C)C12,1
CCC(C)C1NC(=O)C(Cc2ccc([O-])cc2)NC(=O)C([NH3+])CSSCC(C(=O)[NH+]2CCCC2C(=O)NC(CC(C)C)C(=O)NCC(N)=O)NC(=O)C(CC(N)=O)NC(=O)C(CCC(N)=O)NC1=O,1
O=C(CCCCCCC(O)=NO)Nc1ccccc1,1
CC(C)CC(N=C(O)C(CCC(=O)[O-])N=C(O)C(CCC(=N)O)N=C(O)C(CO)N=C(O)C(CC(C)C)N=C(O)C(CCCC[NH3+])N=C(O)CN=C(O)C(CC(C)C)N=C(O)C(N=C(O)C1CSSCC([NH3+])C(=O)NC(CO)C(=O)NC(CC(N)=O)C(=O)NC(CC(C)C)C(=O)NC(CO)C(O)=NC(C(C)O)C(O)=N1)C(C)C)C(=O)NC(Cc1cnc[n-]1)C(O)=NC(CCCC[NH3+])C(O)=NC(CC(C)C)C(O)=NC(CCC(N)=O)C(O)=NC(C(O)=NC(Cc1ccc([O-])cc1)C(=O)[NH+]1CCCC1C(O)=NC(CCCNC(N)=[NH2+])C(O)=NC(C(O)=NC(CC(N)=O)C(O)=NC(C(O)=NCC(O)=NC(CO)C(O)=NCC(O)=NC(C(=O)[NH+]1CCCC1C(N)=O)C(C)O)C(C)O)C(C)O)C(C)O,1
C[NH2+]C1C(O)C(OC2C(NC(=O)C(O)CC[NH3+])CC([NH3+])C(OC3OC(C[NH2+]CCO)=CCC3[NH3+])C2O)OCC1(C)O,1
O=S(=O)(Nc1ccccc1)c1cccc(C=CC(O)=NO)c1,1
NC(=[NH2+])c1ccc(OCCCCCOc2ccc(C(N)=[NH2+])cc2)cc1,1
C=C1C2=C(C)[NH+](C)CC[NH+]2C2CC[NH+](CCCC(=O)c3ccc(F)cc3)CC12,1
C[NH2+]C(CC(C)C)C(=O)NC1C(=O)NC(CC(N)=O)C(=O)NC2C(=O)Nc3c([O-])[n-]c(c([O-])[n-]c(=C(O)O)c4cc([O-])cc([O-])c4c4cc3ccc4[O-])C(OC3CC(C)([NH3+])C(O)C(C)O3)c3ccc(c(Cl)c3)Oc3cc2cc(c3OC2OC(CO)C(O)C(O)C2OC2CC(C)([NH2+]Cc3ccc(-c4ccc(Cl)cc4)cc3)C(O)C(C)O2)Oc2ccc(cc2Cl)C1O,1
COC1(C)C([NH+](C)C(=O)c2ccccc2)C2OC1(C)n1c3ccccc3c3c4c(c5c6ccccc6n2c5c31)C(=O)NC4,1
O=[N+]([O-])OC1COC2C(O)COC12,1
O=[N+]([O-])OC1COC2C(O[N+](=O)[O-])COC12,1
OCC[NH+]1CC[NH+](CCCN2c3ccccc3Sc3ccc(Cl)cc32)CC1,1
CCOC(=O)C(CCc1ccccc1)[NH2+]C(C)C(=O)[NH+]1C(C(=O)[O-])CC2CCCCC21,1
NC(=[NH2+])NCCCCC1NC(=O)CCSSCC(C(N)=O)NC(=O)C2CCC[NH+]2C(=O)C(Cc2c[nH]c3ccccc23)NC(=O)C(CC(=O)[O-])NC(=O)CNC1=O,1
CC(=O)OC1=C2C(C)C(OC(=O)C(O)C(NC(=O)c3ccccc3)c3ccccc3)CC(O)(C(OC(=O)c3ccccc3)C3C4(OC(C)=O)COC4CC(O)C3(C)C1=O)C2(C)C,1
CCCCCc1cc([O-])c2c(c1)OC(C)(C)C1CCC(C)=CC21,1
CCCCCCC(C)(C)c1cc([O-])c2c(c1)OC(C)(C)C1CCC(=O)CC21,1
CC#CC1(O)CCC2C3=C(C4=C(CC3)CC(=O)CC4)C(c3ccc(N(C)C)cc3)CC21C,1
CC(=O)SC1C=C2CC(=O)CCC2(C)C2CCC3(C)C(CCC34CCC(=O)O4)C12,1
COC1CC2CCC(C)C(O)(O2)C(=O)C(=O)[NH+]2CCCCC2C(=O)OC(C(C)CC2CCC(O)C(OC)C2)CC(=O)C(C)=CC(C)C(O)C(OC)C(=O)C(C)CC(C)C=CC=CC=C1C,1
COC1CC2CCC(C)C(O)(O2)C(=O)C(=O)[NH+]2CCCCC2C(=O)OC(C(C)CC2CCC(OCCO)C(OC)C2)CC(=O)C(C)=CC(C)C(O)C(OC)C(=O)C(C)CC(C)C=CC=CC=C1C,1
CC(=O)OCC(=O)C1(O)CCC2C3CC=C4CC(=O)CCC4(C)C3(F)C(O)CC21C,1
CC(=O)OCC(=O)C1(O)CCC2C3CC=C4CC(=O)CCC4(C)C3C(=O)CC21C,1
CC(=O)OC1(C(C)=O)CCC2C3CC(C)=C4CC(=O)CCC4(C)C3CCC21C,1
CC(=O)OC1(C(C)=O)CCC2C3=CC(C)=C4CC(=O)CCC4(C)C3CCC21C,1
N=c1cc[n-]cc1N,1
CC12C=CC(=O)NC1CCC1C2CCC2(C)C(C(=O)Nc3cc(C(F)(F)F)ccc3C(F)(F)F)CCC12,1
CC(=O)C1CCC2C3CCC4CC(O)CCC4(C)C3CCC12C,1
CN(C)c1cc(C[NH2+]CC(C)(C)C)c([O-])c2c1CC1CC3C([NH+](C)C)C(=O)C(C(N)=O)C(=O)C3(O)C(=O)C1C2=O,1
CCOC(=O)C1=CC(OC(CC)CC)C(NC(C)=O)C([NH3+])C1,1
CC(C)C(=O)Oc1ccc(CO)cc1C(CC[NH+](C(C)C)C(C)C)c1ccccc1,1
Cc1ccccc1C(=O)Nc1ccc(C(=O)N2CCCC(O)c3cc(Cl)ccc32)c(C)c1,1
COCCCCC(=NOCC[NH3+])c1ccc(C(F)(F)F)cc1,1
CCC(C)C(N=C(O)C(CCC(=O)[O-])N=C(O)C(CCC(=O)[O-])N=C(O)C(Cc1ccccc1)N=C(O)C(CC(=O)[O-])N=C(O)CN=C(O)C(CC(=N)O)N=C(O)CN=C(O)CNC(=O)CNC(=O)CNC(=O)C1CCC[NH+]1C(=O)C(CCCNC(N)=[NH2+])NC(=O)C1CCC[NH+]1C(=O)C([NH3+])Cc1ccccc1)C(=O)[NH+]1CCCC1C(=O)NC(CCC(=O)[O-])C(=O)NC(CCC(=O)[O-])C(=O)NC(Cc1ccc([O-])cc1)C(=O)NC(CC(C)C)C(=O)[O-],1
CCC(C)n1ncn(-c2ccc(N3CCN(c4ccc(OCC5COC(Cn6cncn6)(c6ccc(Cl)cc6Cl)O5)cc4)CC3)cc2)c1=O,1
CCCC1CC(C(=O)NC(C(C)Cl)C2OC(SC)C(O[P](=O)(=O)O)C(O)C2O)[NH+](C)C1,1
CCC(C)C(NC(=O)C(Cc1ccc([O-])cc1)NC(=O)C(NC(=O)C(CCC[NH+]=C(N)N)NC(=O)C([NH3+])CC(=O)[O-])C(C)C)C(=O)NC(Cc1c[n-]cn1)C(=O)[NH+]1CCCC1C(=O)NC(Cc1ccccc1)C(=O)[O-],1
CCC(C)C(N=C(O)C(CC(C)C)N=C(O)C(CO)N=C(O)C(Cc1cnc[n-]1)N=C(O)C(N=C(O)C(CC(C)C)N=C(O)C(CO)N=C(O)C(N=C(O)C(Cc1ccc([O-])cc1)N=C(C)O)C(C)O)C(C)CC)C(=O)NC(CCC(=O)[O-])C(=O)NC(CCC(=O)[O-])C(=O)NC(CO)C(=O)NC(CCC(=N)O)C(=O)NC(CC(=N)O)C(O)=NC(CCC(=N)O)C(O)=NC(CCC(=N)O)C(O)=NC(CCC(=O)[O-])C(O)=NC(CCCC[NH3+])C(O)=NC(CC(N)=O)C(O)=NC(CCC(=O)[O-])C(O)=NC(CCC(N)=O)C(O)=NC(CCC(=O)[O-])C(O)=NC(CC(C)C)C(O)=NC(CC(C)C)C(O)=NC(CCC(=O)[O-])C(O)=NC(CC(C)C)C(O)=NC(CC(=O)[O-])C(O)=NC(CCCC[NH3+])C(O)=NC(Cc1c[nH]c2ccccc12)C(O)=NC(C)C(O)=NC(CO)C(O)=NC(CC(C)C)C(O)=NC(Cc1c[nH]c2ccccc12)C(O)=NC(CC(N)=O)C(O)=NC(Cc1c[nH]c2ccccc12)C(O)=NC(Cc1ccccc1)C(N)=O,1
CCC(C)C1N=C(O)C(CCCNC(N)=[NH2+])N=C(O)C(CC(=O)[O-])N=C(O)C(CC(C)C)N=C(O)C(CCCC[NH3+])N=C(O)C(CC(C)C)N=C(O)CN=C(O)C(Cc2ccccc2)N=C(O)C(N=C(O)CN=C(O)C(CCCC[NH3+])N=C(O)C(CO)N=C(O)C(CC(C)C)N=C(O)CN=C(O)C(CCCC[NH3+])N=C(O)C(CCCC[NH3+])N=C(O)C(CC(=N)O)N=C(O)C(C)N=C(O)CN=C(O)C(CCCC[NH3+])N=C(O)C(Cc2ccc([O-])cc2)N=C(O)C(CCCC[NH3+])N=C(O)C(CCCNC(N)=[NH2+])N=C(O)C(C)N=C(O)C(CC(=N)O)N=C(O)C2CCC[NH+]2C(=O)C(Cc2cnc[n-]2)N=C(O)C(CCC(=O)[O-])N=C(O)C(CCC(=N)O)N=C(O)CN=C(O)C2CCC[NH2+]2)CSSCC(C(=O)[O-])N=C(O)CNC(=O)C(CC(C)C)NC(=O)CNC(=O)C(CO)NC(=O)C(CCSC)NC(=O)C(CO)NC(=O)CNC1=O,1
[NH3+]CCCCCC(=O)[O-],1
CCC(C)C1OC2(CCC1C)CC1CC(CC=C(C)C(OC3CC(OC)C(OC4CC(OC)C(O)C(C)O4)C(C)O3)C(C)C=CC=C3COC4C(O)C(C)=CC(C(=O)O1)C34O)O2,1
O=C([O-])C[NH+](CC[NH+](CC(=O)[O-])CC(=O)[O-])CC(=O)[O-],1
CCC(C)C(N=C(O)C(Cc1ccccc1)N=C(O)C(CCC(=O)[O-])N=C(O)C(CCCCN=C(O)COCCOCCN=C(O)COCCOCCN=C(O)CCC(N=C(O)CCCCCCCCCCCCCCCCC(=O)[O-])C(=O)[O-])N=C(O)C(C)N=C(O)C(C)N=C(O)C(CCC(=N)O)N=C(O)CN=C(O)C(CCC(=O)[O-])N=C(O)C(CC(C)C)N=C(O)C(Cc1ccc([O-])cc1)N=C(O)C(CO)N=C(O)C(CO)N=C(O)C(N=C(O)C(CC(=O)[O-])N=C(O)C(CO)N=C(O)C(N=C(O)C(Cc1ccccc1)N=C(O)C(N=C(O)CN=C(O)C(CCC(=O)[O-])N=C(O)C(C)(C)NC(=O)C([NH3+])Cc1cnc[n-]1)C(C)O)C(C)O)C(C)C)C(=O)NC(C)C(=O)NC(Cc1c[nH]c2ccccc12)C(=O)NC(CC(C)C)C(=O)NC(C(=O)NC(CCCNC(N)=[NH2+])C(O)=NCC(O)=NC(CCCNC(N)=[NH2+])C(O)=NCC(=O)[O-])C(C)C,1
CCC[NH+]=C1SC(=Cc2ccc(OCC(O)CO)c(Cl)c2)C(=O)N1c1ccccc1C,1
CCC(c1cccc([O-])c1)C(C)C[NH+](C)C,1
CCC(C(N)=O)[NH+]1CCCC1=O,1
[NH3+]CCCCC([NH2+]C(CCc1ccccc1)C(=O)[O-])C(=O)[NH+]1CCCC1C(=O)[O-],1
CCNC(=O)C1CCC[NH+]1C(=O)C(CCCNC(N)=[NH2+])NC(=O)C(CC(C)C)NC(=O)C(CC(C)C)NC(=O)C(Cc1ccc([O-])cc1)NC(=O)C(CO)NC(=O)C(Cc1c[nH]c2ccccc12)NC(=O)C(Cc1cnc[n-]1)NC(=O)C1CCC(=O)N1,1
CCCCC(NC(C)=O)C(=O)NC1CC(=O)NCCCCC(C(=O)[O-])NC(=O)C(Cc2c[nH]c3ccccc23)NC(=O)C(CCC[NH+]=C(N)N)NC(=O)C(Cc2ccccc2)NC(=O)C(Cc2c[n-]cn2)NC1=O,1
[NH3+]CC(CC(=O)[O-])c1ccc(Cl)cc1,1
CCC1=C(C)c2cc3[nH]c(cc4[nH]c(cc5nc(cc1n2)C(C)=C5C(C)O)c(C)c4CCC(=O)[O-])c(CCC(=O)[O-])c3C,1
CCC(C)CC(C)CCCCCCCCC(=O)NC1CC(O)C([NH2+]CC[NH3+])NC(=O)C2C(O)CC[NH+]2C(=O)C(C(O)CC[NH3+])NC(=O)C(C(O)C(O)c2ccc([O-])cc2)NC(=O)C2CC(O)C[NH+]2C(=O)C(C(C)O)NC1=O,1
[NH3+]C(Cc1ccc([O-])cc1)C(=O)[O-],1
CC(O)(CS(=O)(=O)c1ccc(F)cc1)C(=O)Nc1ccc(C#N)c(C(F)(F)F)c1,1
CCc1cc(C(C)=NOCc2ccc(C3CCCCC3)c(C(F)(F)F)c2)ccc1C[NH+]1CC(C(=O)[O-])C1,1
CCc1[n-]c(=N)[n-]c(=N)c1-c1ccc(Cl)cc1,1
NS(=O)(=O)c1cc(C2(O)NC(=O)c3ccccc32)ccc1Cl,1
CCCC(=O)OCOC(=O)C1=C(C)N=C(C)C(C(=O)OC)C1c1cccc(Cl)c1Cl,1
CC(S)C(=O)NCC(=O)[O-],1
C[NH2+]Cc1ccc(-c2[nH]c3cc(F)cc4c3c2CCNC4=O)cc1,1
Cc1ccc(NC(=O)C2CCC[NH+](C(=O)c3c(C)cccc3F)C2c2ccc([NH2+]C3CCCC3)cc2)cc1C(F)(F)F,1
NS(=O)(=O)c1cc(Cl)c(Cl)c(S(N)(=O)=O)c1,1
CCC(=O)N(c1ccccc1)C1(COC)CC[NH+](CCc2cccs2)CC1,1
CCC(C)C(N=C(O)C(CO)N=C(O)C(CCCC[NH3+])N=C(O)CN=C(O)C(CCCC[NH3+])N=C(O)C(CC(=O)[O-])N=C(O)C(Cc1cnc[n-]1)N=C(O)C(CC(C)C)N=C(O)C(CC(C)C)N=C(O)C(CCC(=N)O)N=C(O)C(Cc1cnc[n-]1)N=C(O)C(CCC(=O)[O-])N=C(O)C(CO)N=C(O)C(NC(=O)C(C)[NH3+])C(C)C)C(=O)NC(CCC(N)=O)C(=O)NC(CC(=O)[O-])C(=O)NC(CC(C)C)C(=O)NC(CCCNC(N)=[NH2+])C(=O)NC(CCCNC(N)=[NH2+])C(O)=NC(CCCNC(N)=[NH2+])C(O)=NC(CCC(=O)[O-])C(O)=NC(CC(C)C)C(O)=NC(CC(C)C)C(O)=NC(CCC(=O)[O-])C(O)=NC(CCCC[NH3+])C(O)=NC(CC(C)C)C(O)=NC(CC(C)C)C(O)=NC(C)(C)C(O)=NC(CCCC[NH3+])C(O)=NC(CC(C)C)C(O)=NC(Cc1cnc[n-]1)C(O)=NC(C(O)=NC(C)C(N)=O)C(C)O,1
C=C(CC)C(=O)c1ccc(OCC(=O)[O-])c(Cl)c1Cl,1
Cc1ccccc1[NH+]1C(=O)c2cc(S(N)(=O)=O)c(Cl)cc2[NH2+]C1C,1
CC1Cc2ccccc2N1[N-]C(=O)c1ccc(Cl)c(S(N)(=O)=O)c1,1
CSCCC1N=C(O)C(CC(C)C)N=C(O)C(CCCNC(N)=[NH2+])N=C(O)C(CO)N=C(O)C2CSSCC3N=C(O)C(CO)N=C(O)CN=C(O)C(C(C)O)N=C(O)C(CSSCC([NH3+])C(=O)NC(CCCC[NH3+])C(=O)NCC(=O)NC(CCCC[NH3+])C(=O)NCC(=O)NC(C)C(O)=NC(CCCC[NH3+])C(O)=N2)N=C(O)C(CSSCC(C(=N)O)N=C(O)C(CCCC[NH3+])N=C(O)CN=C(O)C(CO)N=C(O)C(CCCNC(N)=[NH2+])NC3=O)NC(=O)C(CC(=O)[O-])NC(=O)C(Cc2ccc([O-])cc2)NC1=O,1
Cc1nnc2n1-c1ccc(Cl)cc1C(c1ccccc1)=NC2,1
NS(=O)(=O)c1cc2c(cc1Cl)[NH+]=CNS2(=O)=O,1
NS(=O)(=O)c1cc2c(cc1Cl)NCNS2(=O)=O,1
COc1cnc(-n2cnc(C)n2)c2c1c(C(=O)C(=O)[NH+]1CC[NH+](C(=O)c3ccccc3)CC1)cn2CO[P](=O)(=O)O,1
CC1=[NH+]S(=O)(=O)c2cc(Cl)ccc2N1,1
NS(=O)(=O)Cc1noc2ccccc12,1
Cc1cn[n-]c1,1
CCC(C)C(N=C(O)C(CCC(=O)[O-])N=C(O)C(CO)N=C(O)C(N=C(O)C([NH3+])CO)C(C)C)C(=O)NC(CCC(=N)O)C(=O)NC(CC(C)C)C(=O)NC(CCSC)C(=O)NC(Cc1cnc[n-]1)C(=O)NC(CC(N)=O)C(O)=NC(CC(C)C)C(O)=NCC(O)=NC(CCCC[NH3+])C(O)=NC(Cc1cnc[n-]1)C(O)=NC(CC(C)C)C(O)=NC(CC(N)=O)C(O)=NC(CO)C(O)=NC(CCSC)C(O)=NC(CCC(=O)[O-])C(O)=NC(CCCNC(N)=[NH2+])C(O)=NC(C(O)=NC(CCC(=O)[O-])C(O)=NC(Cc1c[nH]c2ccccc12)C(O)=NC(CC(C)C)C(O)=NC(CCCNC(N)=[NH2+])C(O)=NC(CCCC[NH3+])C(O)=NC(CCCC[NH3+])C(O)=NC(CC(C)C)C(O)=NC(CCC(N)=O)C(O)=NC(CC(=O)[O-])C(O)=NC(C(O)=NC(Cc1cnc[n-]1)C(O)=NC(CC(N)=O)C(O)=NC(Cc1ccccc1)C(=O)[O-])C(C)C)C(C)C,1
Cc1cn(C2C[NH+](P(=O)(OCC3C[NH+](P(=O)(OCC4C[NH+](P(=O)(OCC5C[NH+](P(=O)(OCC6C[NH+](P(=O)(OCC7C[NH+](P(=O)(OCC8C[NH+](P(=O)(OCC9C[NH+](P(=O)(OCC%10C[NH+](P(=O)(OCC%11C[NH+](P(=O)(OCC%12C[NH+](P(=O)(OCC%13C[NH+](P(=O)(OCC%14C[NH+](P(=O)(OCC%15C[NH+](P(=O)(OCC%16C[NH+](P(=O)(OCC%17C[NH+](P(=O)(OCC%18C[NH+](P(=O)(OCC%19C[NH+](P(=O)(OCC%20C[NH2+]CC(n%21ccc(=N)[n-]c%21=O)O%20)[NH+](C)C)CC(n%20cc(C)c(=O)[n-]c%20=O)O%19)[NH+](C)C)CC(n%19cc(C)c(=O)[n-]c%19=O)O%18)[NH+](C)C)CC(n%18cnc%19c(=O)nc(N)[n-]c%19%18)O%17)[NH+](C)C)CC(n%17cc(C)c(=O)[n-]c%17=O)O%16)[NH+](C)C)CC(n%16cnc%17c([O-])nc(=N)[n-]c%17%16)O%15)[NH+](C)C)CC(n%15cnc%16c([O-])nc(=N)[n-]c%16%15)O%14)[NH+](C)C)CC(n%14cnc%15c(N)ncnc%15%14)O%13)[NH+](C)C)CC(n%13cnc%14c(N)ncnc%14%13)O%12)[NH+](C)C)CC(n%12cnc%13c([O-])nc(=N)[n-]c%13%12)O%11)[NH+](C)C)CC(n%11cc(C)c([O-])nc%11=O)O%10)[NH+](C)C)CC(n%10ccc(=N)nc%10[O-])O9)[NH+](C)C)CC(n9cc(C)c([O-])nc9=O)O8)[NH+](C)C)CC(n8cc(C)c([O-])nc8=O)O7)[NH+](C)C)CC(n7cnc8c([O-])nc(=N)[n-]c87)O6)[NH+](C)C)CC(n6cnc7c([O-])nc(N)nc76)O5)[NH+](C)C)CC(n5ccc(N)nc5=O)O4)[NH+](C)C)CC(n4ccc(=N)nc4[O-])O3)[NH+](C)C)CC(COP(=O)([NH+](C)C)[NH+]3CC(COP(=O)([NH+](C)C)[NH+]4CC(CO)OC(n5ccc(N)nc5=O)C4)OC(n4ccc(N)nc4=O)C3)O2)c(=O)nc1[O-],1
COCCOC1C(O)C(COP(O)(=S)OC2C(COP(O)(=S)OC3C(COP(O)(=S)OC4C(COP(O)(=S)OC5C(COP(O)(=S)OC6CC(n7cnc8c(N)ncnc87)OC6COP(O)(=S)OC6CC(n7cnc8c(N)ncnc87)OC6COP(O)(=S)OC6CC(n7cnc8c(=O)nc(N)[n-]c87)OC6COP(O)(=S)OC6CC(n7cc(C)c(=O)[n-]c7=O)OC6COP(O)(=S)OC6CC(n7cnc8c(N)ncnc87)OC6COP(O)(=S)OC6CC(n7cc(C)c(=N)[n-]c7=O)OC6COP(O)(=S)OC6CC(n7cnc8c(N)ncnc87)OC6COP(O)(=S)OC6CC(n7cc(C)c(=O)[n-]c7=O)OC6COP(O)(=S)OC6CC(n7cc(C)c(=O)[n-]c7=O)OC6COP(O)(=S)OC6CC(n7cnc8c([O-])nc(=N)[n-]c87)OC6COP(O)(=S)OC6C(COP(O)(=S)OC7C(COP(O)(=S)OC8C(COP(O)(=S)OC9C(COP(O)(=S)OC%10C(CO)OC(n%11cc(C)c([O-])nc%11=O)C%10OCCOC)OC(n%10cc(C)c(N)nc%10=O)C9OCCOC)OC(n9cc(C)c([O-])nc9=O)C8OCCOC)OC(n8cc(C)c([O-])nc8=O)C7OCCOC)OC(n7cnc8c([O-])nc(N)nc87)C6OCCOC)OC(n6cnc7c(N)ncnc76)C5OCCOC)OC(n5cc(C)c([O-])nc5=O)C4OCCOC)OC(n4cc(C)c(N)nc4=O)C3OCCOC)OC(n3cc(C)c(N)nc3=O)C2OCCOC)OC1n1cc(C)c(N)nc1=O,1
C=Cc1c(C)c2[nH]c1=Cc1[nH]c(c(=CCC(=O)[O-])c1C)=Cc1[nH]c(c(C)c1CCC(=O)OC)C=C1N=C(C=2)C2=CC=C(C(=O)OC)C(C(=O)OC)C12C,1
Cc1c([O-])cccc1C(=O)NC(CSc1ccccc1)C(O)C[NH+]1CC2CCCCC2CC1C(=O)NC(C)(C)C,1
Cc1nc2n(c(=O)c1CC[NH+]1CCC(c3noc4cc(F)ccc34)CC1)CCCC2,1
Cc1c(Cl)c(C)[n+]([O-])c(Cl)c1-c1noc(-c2cc([O-])c([O-])c([N+](=O)[O-])c2)n1,1
Cc1c(OCC(F)(F)F)ccnc1C[S+](O)c1nc2ccccc2[n-]1,1
Cc1cc(C#N)cc(C)c1Oc1[n-]c(=Nc2ccc(C#N)cc2)[n-]c(=N)c1Br,1
Cc1cccc(N=c2cc[n-]cc2S(=O)(=O)[N-]C(=O)[NH2+]C(C)C)c1,1
Cc1cc(C(=O)[N-]NCc2ccccc2)no1,1
Cc1ccc(C)c(OCCCC(C)(C)C(=O)[O-])c1,1
Cc1ccc(C(=O)c2cc([O-])c([O-])c([N+](=O)[O-])c2)cc1,1
CCCCS(=O)(=O)NC(Cc1ccc(OCCCCC2CC[NH2+]CC2)cc1)C(=O)[O-],1
C=C(c1ccc(C(=O)[O-])cc1)c1cc2c(cc1C)C(C)(C)CCC2(C)C,1
Cc1cn(C2CC(N=[N+]=[N-])C(CO)O2)c(=O)[n-]c1=O,1
NS(=O)(=O)c1cc(C(=O)[O-])c(NCc2ccco2)cc1Cl,1
CCCC(C)(COC(N)=O)COC(=O)NC(C)C,1
CC(C)[NH2+]CC(O)COc1cccc2[nH]ccc12,1
CCCC(C)(COC(N)=O)COC(N)=O,1
c1cnc2cc3c(cc2n1)C1C[NH2+]CC3C1,1
CC(C)NC(=O)COc1cccc(-c2nc(=Nc3ccc4[n-]ncc4c3)c3ccccc3[n-]2)c1,1
CC(C)(C#N)c1cc(Cn2cncn2)cc(C(C)(C)C#N)c1,1
CC(=O)OCC(CCn1cnc2c[n-]c(=N)nc21)COC(C)=O,1
CCCCCC(O)C=CC1C(O)CC(=O)C1CCCCCCC(=O)[O-],1
C[NH+]1CC(C(=O)NC2(C)OC3(O)C4CCC[NH+]4C(=O)C(Cc4ccccc4)[NH+]3C2=O)=CC2c3cccc4[nH]cc(c34)CC21,1
[NH3+]CC(O)c1ccc([O-])c([O-])c1,1
CCC1=CC2C[NH+](C1)Cc1c([nH]c3ccccc13)C(C(=O)OC)(c1cc3c(cc1OC)[NH+](C)C1C(O)(C(=O)OC)C(OC(C)=O)C4(CC)C=CC[NH+]5CCC31C54)C2,1
CC(=O)OC1CCC2(C)C(=CCC3C2CCC2(C)C(c4cccnc4)=CCC32)C1,1
CC(O)=NO,1
CCCCCC(=O)OC1(C(C)=O)CCC2C3CC=C4CC(=O)CCC4(C)C3CCC21C,1
CC(=O)Nc1ccc([O-])cc1,1
CC(=NO)C(C)[NH2+]CC(C)(C)C[NH2+]C(C)C(C)=NO,1
CC#CC(=O)[NH+]1CCCC1c1nc(-c2ccc(C(=O)N=c3cccc[n-]3)cc2)c2c(=N)[n-]ccn12,1
CCCCCCCCCC(=O)NC(Cc1c[nH]c2ccccc12)C(=O)NC(CC(N)=O)C(=O)NC(CC(=O)[O-])C(=O)NC1C(=O)NCC(=O)NC(CCC[NH3+])C(=O)NC(CC(=O)[O-])C(O)=NC(C)C(O)=NC(CC(=O)[O-])C(O)=NCC(O)=NC(CO)C(O)=NC(C(C)CC(=O)[O-])C(O)=NC(CC(=O)c2ccccc2N)C(=O)OC1C,1
NC(=[NH2+])NCCCC(NC(=O)C1CCC[NH+]1C(=O)C1CSSCC([NH3+])C(=O)NC(Cc2ccc([O-])cc2)C(=O)NC(Cc2ccccc2)C(=O)NC(CCC(N)=O)C(=O)NC(CC(N)=O)C(=O)N1)C(O)=NCC(N)=O,1
CC(C=CC1=C(C)CCCC1(C)C)=CC=CC(C)=CC(=O)[O-],1
CC(=O)C(C#N)C(=O)Nc1ccc(C(F)(F)F)cc1,1
CCC1=NC(=O)C2CSSCCC=CC(CC(=O)NC(C(C)C)C(=O)N2)OC(=O)C(C(C)C)NC1=O,1
C[NH+](C)CCOC(c1ccc(Cl)cc1)c1ccccn1,1
CC(CN1c2ccccc2CCc2ccccc21)C[NH+](C)C,1
C#CCC(Cc1cnc2[n-]c(=N)[n-]c(=N)c2n1)c1ccc(C(=O)NC(CCC(=O)[O-])C(=O)[O-])cc1,1
CC1C(c2ccccc2)OCC[NH+]1C,1
CCCCCCCCCCCCCCCC(=O)NC(CCC(=O)NCCCCC(N=C(O)C(C)N=C(O)C(C)N=C(O)C(CCC(=N)O)N=C(O)CN=C(O)C(CCC(=O)[O-])N=C(O)C(CC(C)C)N=C(O)C(Cc1ccc([O-])cc1)N=C(O)C(CO)N=C(O)C(CO)N=C(O)C(N=C(O)C(CC(=O)[O-])N=C(O)C(CO)N=C(O)C(N=C(O)C(Cc1ccccc1)N=C(O)C(N=C(O)CNC(=O)C(CCC(=O)[O-])NC(=O)C(C)NC(=O)C([NH3+])Cc1cnc[n-]1)C(C)O)C(C)O)C(C)C)C(=O)NC(CCC(=O)[O-])C(=O)NC(Cc1ccccc1)C(=O)NC(C(O)=NC(C)C(O)=NC(Cc1c[nH]c2ccccc12)C(O)=NC(CC(C)C)C(O)=NC(C(O)=NC(CCCNC(N)=[NH2+])C(O)=NCC(O)=NC(CCCNC(N)=[NH2+])C(O)=NCC(=O)[O-])C(C)C)C(C)CC)C(=O)[O-],1
O=C([O-])C(S)C(S)C(=O)[O-],1
O=C([O-])CCNC(=O)c1ccc(N=Nc2ccc([O-])c(C(=O)[O-])c2)cc1,1
O=c1ccc2ccc(OCCCC[NH+]3CCN(c4cccc5sccc45)CC3)cc2[n-]1,1
O=c1[n-]cnc2[n-]ncc12,1
CCCCCCCCCCCC(=O)OCN1C(=O)CCc2ccc(OCCCC[NH+]3CCN(c4cccc(Cl)c4Cl)CC3)cc21,1
CCC(CO)NC(=O)C1=CC2c3cccc4[nH]cc(c34)CC2[NH+](C)C1,1
CCCC([NH2+]C(C)C(=O)[NH+]1C(C(=O)[O-])CC2CCCCC21)C(=O)OCC,1
CC(C)(C(=O)c1cccnc1)c1cccnc1,1
CCC(C)(C)C(=O)OC1CC(C)C=C2C=CC(C)C(CCC3CC(O)CC(=O)O3)C21,1
C[NH+]1C2CCC1CC(OC(=O)C(CO)c1ccccc1)C2,1
CCCc1nc2c(C)cc(-c3nc4ccccc4n3C)cc2n1Cc1ccc(-c2ccccc2C(=O)[O-])cc1,1
CC[NH+](C)C(=O)Oc1cccc(C(C)[NH+](C)C)c1,1
CC(C)CC(N=C(O)C(Cc1c[nH]c2ccccc12)N=C(O)C(CCCC[NH3+])N=C(O)C(N=C(O)C(Cc1ccccc1)N=C(O)C(CCC(=O)[O-])N=C(O)C(CCC(=O)[O-])N=C(O)C(C)N=C(O)C(CCCNC(N)=[NH2+])N=C(O)C(C)N=C(O)C(C)(C)N=C(O)C(CC(=O)[O-])N=C(O)C(CC(C)C)N=C(O)C(Cc1ccc([O-])cc1)N=C(O)C(CCCC[NH3+])N=C(O)C(CO)N=C(O)C(Cc1ccc([O-])cc1)N=C(O)C(CC(=O)[O-])N=C(O)C(CO)N=C(O)C(N=C(O)C(Cc1ccccc1)N=C(O)C(N=C(O)CNC(=O)C(CCC(N)=O)NC(=O)C(CO)NC(=O)C([NH3+])Cc1cnc[n-]1)C(C)O)C(C)O)C(C)C)C(=O)NC(CCC(=O)[O-])C(=O)NC(CO)C(=O)NC(C(=O)[O-])C(C)O,1
CCCCC(=O)[NH+](Cc1ccc(-c2ccccc2-c2nn[n-]n2)cc1)C(C(=O)[O-])C(C)C,1
CCCCC(C)(O)CC=CC1C(O)CC(=O)C1CCCCCCC(=O)OC,1
C=CC(=O)[NH+]1CC[NH+](c2nc(=O)n(-c3c(C)ccnc3C(C)C)c3nc(-c4c([O-])cccc4F)c(F)cc23)C(C)C1,1
CC(C)CC(NC(=O)C(Cc1ccccc1)NC(=O)C([NH3+])Cc1ccccc1)C(=O)NC(CCCC[NH3+])C(=O)[NH+]1CCC([NH3+])(C(=O)[O-])CC1,1
COc1cc2nccc(Oc3ccc(NC(=O)C4(C(=O)Nc5ccc(F)cc5)CC4)cc3)c2cc1OC,1
CC(C)c1cc(-c2n[n-]c(=O)n2-c2ccc3c(ccn3C)c2)c([O-])cc1O[P](=O)(=O)O,1
CC(=O)C(NC(=O)C1CSSCC(NC(=O)C([NH3+])Cc2ccc3ccccc3c2)C(=O)NC(Cc2ccc([O-])cc2)C(=O)NC(Cc2c[nH]c3ccccc23)C(=O)NC(CCCC[NH3+])C(=O)NC(C(C)C)C(=O)N1)C(N)O,1
CCCCC(F)(F)C(=O)CCC1C(O)CC(=O)C1CCCCCCC(=O)[O-],1
CC(C=Cc1c(C)c([O-])c2ccccc2c1[O-])=CCCC(C)CCCC(C)CCCC(C)C,1
C[NH+]1CCC23CCCCC2C1Cc1ccc([O-])cc13,1
CC(C)(CCCCCC(O)CCCCCC(C)(C)C(=O)[O-])C(=O)[O-],1
CC(C)(C)[NH2+]CC(O)COc1cccc2c1CC(O)C(O)C2,1
CC(C)(C)NC(=O)C1CCC2C3CCC4NC(=O)C=CC4(C)C3CCC12C,1
CC(C)C(=O)Nc1ccc([N+](=O)[O-])c(C(F)(F)F)c1,1
N=c1[n-]c2ccc(OC(F)(F)F)cc2s1,1
N=c1ccn(C2CSC(CO)O2)c(=O)[n-]1,0
[NH3+]CCC(=O)C(O)[NH2+]C1CC([NH3+])C(OC2OC(C[NH3+])C(O)C(O)C2O)C(O)C1OC1OC(CO)C(O)C([NH3+])C1O,0
C[NH2+]C1C(OC2C(OC3C(O)C(O)C([NH+]=C(N)N)C(O)C3[NH+]=C(N)N)OC(C)C2(O)C=O)OC(CO)C(O)C1O,0
N=c1[n-]c(=O)n(C2CSC(CO)O2)cc1F,0
C=C1C(CO)C(O)CC1n1cnc2c(=O)[n-]c(=N)[n-]c21,0
N=c1[n-]c(=S)c2[n-]cnc2[n-]1,0
N[N-]C(=O)c1ccncc1,0
CCOC(=O)NC1CCC2C(C1)CC1C(=O)OC(C)C1C2C=Cc1ccc(-c2cccc(F)c2)cn1,0
C=CC1=C(C(=O)[O-])[NH+]2C(=O)C(=NC(=O)C([NH2+]OCC(=O)[O-])c3csc(=N)[n-]3)C2SC1,0
Cc1ccc(-n2[n-]c(C)c(N=Nc3cccc(-c4cccc(C(=O)[O-])c4)c3[O-])c2=O)cc1C,0
N=c1[n-]c(=O)c2nc(CNc3ccc(C(=O)NC(CCC(=O)[O-])C(=O)[O-])cc3)cnc2[n-]1,0
N=c1[n-]c2c(c(=O)[n-]1)[NH+](C=O)C(CNc1ccc(C(=O)NC(CCC(=O)[O-])C(=O)[O-])cc1)CN2,0
N=c1cc[n-]cc1,0
O=C(c1cc(Cc2n[n-]c(=O)c3ccccc23)ccc1F)[NH+]1CC[NH+](C(=O)C2CC2)CC1,0
CC1=C(C(=O)[O-])[NH+]2C(=O)C(NC(=O)C([NH3+])c3ccc([O-])cc3)C2SC1,0
NC(N)=O,0
O=S(=O)([O-])OCC1OC(OC2(COS(=O)(=O)[O-])OC(COS(=O)(=O)[O-])C(OS(=O)(=O)[O-])C2OS(=O)(=O)[O-])C(OS(=O)(=O)[O-])C(OS(=O)(=O)[O-])C1OS(=O)(=O)[O-],0
COc1cc(NCc2ccc3[n-]c(=N)[n-]c(=N)c3c2C)cc(OC)c1OC,0
[NH3+]C(Cc1cc([O-])c([O-])cc1F)C(=O)[O-],0
O=C([O-])CCC(NC(=O)NC(CCCCNC(=O)c1ccc(F)nc1)C(=O)[O-])C(=O)[O-],0
NC(O)=[NH+]O,0
O=C1C(CCC(O)c2ccc(F)cc2)C(c2ccc([O-])cc2)[NH+]1c1ccc(F)cc1,0
[NH3+]C1(C(=O)[O-])CC(F)C1,0
O=C([O-])c1ccc(-n2nc(-c3ccccc3[O-])nc2-c2ccccc2[O-])cc1,0
O=C([O-])CC(O)CC(O)C=Cc1c(C2CC2)nc2ccccc2c1-c1ccc(F)cc1,0
O=C(Nc1cnn2ccc([NH+]3CCCC3c3cc(F)ccc3F)nc12)[NH+]1CCC(O)C1,0
OC1COC2C(O)COC12,0
C=CC[NH+]1CCC23c4c5ccc([O-])c4OC2C(OCCOCCOCCOCCOCCOCCOCCOC)CCC3(O)C1C5,0
O=C(CCCc1ccccc1)OCC(COC(=O)CCCc1ccccc1)OC(=O)CCCc1ccccc1,0
NC(=O)c1cnccn1,0
NC(=O)NC(CCC(=O)[O-])C(=O)[O-],0
CC(C)OC(=O)OCOP(=O)(COC(C)Cn1cnc2c(=N)[n-]cnc21)OCOC(=O)OC(C)C,0
CC(C)OC(=O)C(C)[NH2+]P(=O)(COC(C)Cn1cnc2c(=N)[n-]cnc21)Oc1ccccc1,0
[NH3+]C1c2cccnc2C(OC(=O)[NH+]2CCC(n3c(=O)[n-]c4ncccc43)CC2)CCC1c1cccc(F)c1F,0
Cc1c(C(=O)Nc2ccc(N3CC(C)OC(C)C3)nc2)cccc1-c1ccc(OC(F)(F)F)cc1,0
CON=C(C(O)=NC1C(=O)[NH+]2C(C(=O)[O-])=C(CSc3[n-]c(=O)c(=O)[n-][n+]3C)CSC12)c1csc(=N)[n-]1,0
CC(C)(ON=C(C(=O)NC1C(=O)[NH+]2C(C(=O)[O-])=C(C[n+]3ccccc3)CSC12)c1csc(=N)[n-]1)C(=O)[O-],0
O=c1nc2ccc(Cl)cc2c(-c2ccccc2)nc1C(O)O,0
Cc1ccnc2c1NC(=O)c1cccnc1[NH+]2C1CC1,0
CSCC[NH+]=C1NC(=[S+]CCC(F)(F)F)[NH+]=C2C1=NC=[N+]2C1OC(CO[P-](=O)(=O)O[P-](=O)(=O)C(Cl)(Cl)[P](=O)(=O)O)C(O)C1O,0
O=[P](=O)(O)C[P](=O)(=O)O,0
OCC[NH+]1CC(O)C(O)C(O)C1CO,0
O=C([O-])CCCO,0
[O-]c1c(C2=CCC(c3ccc(Cl)cc3)CC2)c([O-])c2ccccc2c1[O-],0
[NH3+]C(CO)(CO)CO,0
C=CC([NH3+])CCC(=O)[O-],0
OCC1OC(c2ccc(Cl)c(Cc3ccc(OC4CCOC4)cc3)c2)C(O)C(O)C1O,0
OCC1OC(OC2C(CO)OC(O)(CO)C2O)C(O)C(O)C1O,0
NC(=O)CCC([NH3+])C(=O)[O-],0
O=C([O-])CCCc1ccc(N(CCCl)CCCl)cc1,0
COCCC[NH+]1CCC(NC(=O)c2cc(Cl)c(N)c3c2OCC3)CC1,0
COc1cc(C)c2c(Oc3cccc(C(F)(F)F)c3)c(OC)cc([NH2+]C(C)CCC[NH3+])c2n1,0
CC(C)c1c(C(=O)Nc2ccccc2)c(-c2ccccc2)c(-c2ccc(F)cc2)n1CCC(O)CC(O)CC(=O)[O-],0
CC1(C)SC2C(NC(=O)C([NH3+])c3ccccc3)C(=O)[NH+]2C1C(=O)[O-],0
[NH3+]CCCC(O)([P](=O)(=O)O)[P](=O)(=O)O,0
Fc1ccccc1C1=NCC(=S)N(CC(F)(F)F)c2ccc(Cl)cc21,0
N=c1[n-]c(=N)c2nc(-c3ccccc3)c(=N)[n-]c2[n-]1,0
Cc1nc(=N)c(C[n+]2csc(CCO)c2C)c[n-]1,0
CS(=O)(=O)c1ccc(C(=O)Nc2ccc(Cl)c(-c3ccccn3)c2)c(Cl)c1,0
[NH3+]CC1OC(OC2C(CO)OC(OC3C(O)C([NH3+])CC([NH3+])C3OC3OC(C[NH3+])C(O)C(O)C3[NH3+])C2O)C([NH3+])C(O)C1O,0
C=CC[NH3+],0
CC(C)(Oc1ccc(C(=O)c2ccc(Cl)cc2)cc1)C(=O)[O-],0
C[N+](C)(C)CC(=O)[O-],0
C[N+](C)(C)CC(O)CC(=O)[O-],0
C[N+](C)(C)CCO,0
CC1OC(OC2C(CO)OC(OC(C(=O)C(O)CO)C(O)CO)C(O)C2O)C(O)C(O)C1[NH2+]C1C=C(CO)C(O)C(O)C1O,0
CC(=O)NC(CCC[NH+]=C(N)N)C(=O)NC1CSSCC(C(N)=O)NC(=O)C(Cc2c[nH]c3ccccc23)NC(=O)C(CCC[NH+]=C(N)N)NC(=O)C(Cc2ccccc2)NC(=O)C(Cc2cnc[n-]2)NC(=O)C(C)NC1=O,0
CC1COC2Cn3cc(C(=O)NCc4ccc(F)cc4F)c(=O)c([O-])c3C(=O)[NH+]12,0
CC(N=c1[n-]cnc2[n-]cnc12)c1cc2cccc(Cl)c2c(=O)n1-c1ccccc1,0
CC(CCC(=O)[O-])C1CCC2C3C(O)CC4CC(O)CCC4(C)C3CCC12C,0
CC12COC(=O)CC1CCC1C2CCC2(C)C1CCC2(C)O,0
Cc1c(-c2c(F)ccc(F)c2F)cc(NC(=O)C2CN=C3CC4(CC3C2)C(=O)Nc2ncccc24)c(=O)n1CC(F)(F)F,0
Cc1c(-c2ccccc2)cc(NC(=O)C2CN=C3CC4(CC3C2)C(=O)Nc2ncccc24)c(=O)n1CC(F)(F)F,0
O=C([O-])[O-],0
OCC1OC(O)C(F)C(O)C1O,0
CC[NH+](c1cc(-c2ccc(C[NH+]3CCOCC3)cc2)cc(C(=O)NCc2c(C)cc(C)[n-]c2=O)c1C)C1CCOCC1,0
O=C(Cn1ccnc1[N+](=O)[O-])NCc1ccccc1,0
O=C1CCCC(=O)C1C(=O)c1ccc(C(F)(F)F)cc1[N+](=O)[O-],0
O=C([O-])CCC(=O)OCC(NC(=O)C(Cl)Cl)C(O)c1ccc([N+](=O)[O-])cc1,0
COCCCOc1ccnc(C[S+](O)c2nc3ccccc3[n-]2)c1C,0
COc1cccc(-c2c(C)n(Cc3c(F)cccc3C(F)(F)F)c(=O)n(CC([NH2+]CCCC(=O)[O-])c3ccccc3)c2=O)c1F,0
[NH3+]CC1OC(OC2C(CO)OC(OC3C(O)C([NH3+])CC([NH3+])C3OC3OC(CO)C(O)C(O)C3[NH3+])C2O)C([NH3+])C(O)C1O,0
O=C([O-])CCc1ccc([O-])c(C[NH+](CC[NH+](CC(=O)[O-])Cc2cc(CCC(=O)NCCCCCC(=O)NCCCCC(NC(=O)NC(CCC(=O)[O-])C(=O)[O-])C(=O)[O-])ccc2[O-])CC(=O)[O-])c1,0
N=c1[n-]c(C(CCC(=O)[O-])C(=O)N=C2C(=O)[NH+]3C(C(=O)[O-])=CCSC23)cs1,0
CC(C)n1nccc1-c1ncccc1COc1cccc([O-])c1C=O,0
CC(C)[NH+](CCCCOCC(=O)[N-]S(C)(=O)=O)c1cnc(-c2ccccc2)c(-c2ccccc2)n1,0
CC(C)C[NH+](CC(O)C(Cc1ccccc1)NC(=O)OC1COC2OCCC12)S(=O)(=O)c1ccc(N)cc1,0
CC(C)c1nc(C[NH+](C)C(=O)NC(CC[NH+]2CCOCC2)C(=O)NC(CCC(Cc2ccccc2)NC(=O)OCc2cncs2)Cc2ccccc2)cs1,0
CC(C)=c1nc(N(C)S(C)(=O)=O)nc(-c2ccc(F)cc2)c1=CCC(O)CC(O)CC(=O)[O-],0
CC(C)CC(NC(=O)CNC(=O)c1cc(Cl)ccc1Cl)B1OC(=O)C(CC(=O)[O-])(CC(=O)[O-])O1,0
CC(C)CC(N=C(O)C1CSSCC2N=C(O)C(CC(C)C)N=C(O)C(CCC(=O)[O-])N=C(O)C(N=C(O)C(CCC(=O)[O-])N=C(O)C(CC(=O)[O-])N=C(O)C([NH3+])CC(=N)O)CSSCC(NC(=O)C(C)NC(=O)C(C(C)C)NC(=O)C(CC(N)=O)NC(=O)C(C(C)C)NC2=O)C(=O)NC(C(C)O)C(=O)NCC(=O)N1)C(=O)[O-],0
CC(C)C(=O)OCC1OC(n2ccc(=NO)[n-]c2=O)C(O)C1O,0
CC(OC(=O)NCC1(CC(=O)[O-])CCCCC1)OC(=O)C(C)C,0
CC(C)C1CCC(C(=O)NC(Cc2ccccc2)C(=O)[O-])CC1,0
CC(C)(S)C([NH3+])C(=O)[O-],0
COc1ccnc(C[S+](O)c2nc3cc(OC(F)F)ccc3[n-]2)c1OC,0
CC(C)(C)c1cc(C(C)(C)C)c(NC(=O)c2c[n-]c3ccccc3c2=O)cc1[O-],0
CC(C)(C)C(=O)OCOP(=O)(COCCn1cnc2c(=N)[n-]cnc21)OCOC(=O)C(C)(C)C,0
CC(=O)Oc1ccccc1C(=O)[O-],0
CC(=O)Oc1ccccc1C(=O)N=c1[n-]cc([N+](=O)[O-])s1,0
CC(=O)OCC1OC(n2ccc(=O)[n-]c2=O)C(OC(C)=O)C1OC(C)=O,0
CC(=O)NC1C(O)OC(COS(=O)(=O)[O-])C(OC2OC(C(=O)[O-])C(OC3OC(CO)C(OC4OC(C(=O)[O-])C(O)C(O)C4OS(=O)(=O)[O-])C(OS(=O)(=O)[O-])C3NS(=O)(=O)[O-])C(O)C2OS(=O)(=O)[O-])C1O,0
CC(=O)N=c1[n-]nc(S(N)(=O)=O)s1,0
CC(=O)c1c(C)c2c[n-]c(=Nc3ccc(N4CC[NH2+]CC4)cn3)nc2n(C2CCCC2)c1=O,0
CCNC(NCCCCC(NC(=O)C(Cc1ccc([O-])cc1)NC(=O)C(CO)NC(=O)C(Cc1cccnc1)NC(=O)C(Cc1ccc(Cl)cc1)NC(=O)C(Cc1ccc2ccccc2c1)NC(C)=O)C(=O)NC(CC(C)C)C(=O)NC(CCCCNC(NCC)=[NH+]CC)C(=O)[NH+]1CCCC1C(=O)NC(C)C(N)=O)=[NH+]CC,0
O=S(=O)([O-])OC1C(O)COC(OC2COC(O)C(OS(=O)(=O)[O-])C2OS(=O)(=O)[O-])C1OS(=O)(=O)[O-],0
CCC(C)CCCCC(=O)NC(CC[NH2+]CS(=O)(=O)[O-])C(=O)NC(C(=O)NC(CC[NH2+]CS(=O)(=O)[O-])C(=O)NC1CCNC(=O)C(C(C)O)NC(=O)C(CC[NH2+]CS(=O)(=O)[O-])NC(=O)C(CC[NH2+]CS(=O)(=O)[O-])NC(=O)C(CC(C)C)NC(=O)C(CC(C)C)NC(=O)C(CC[NH2+]CS(=O)(=O)[O-])NC1=O)C(C)O,0
CCC(C)CCCCC(=O)NC(CC[NH3+])C(=O)NC(C(=O)NC(CC[NH3+])C(=O)NC1CCNC(=O)C(C(C)O)NC(=O)C(CC[NH3+])NC(=O)C(CC[NH3+])NC(=O)C(CC(C)C)NC(=O)C(Cc2ccccc2)NC(=O)C(CC[NH3+])NC1=O)C(C)O,0
O=C([O-])CNC(=O)c1ccccc1,0
NC(=O)N=CC1NC(=O)C(CNC(=O)CC([NH3+])CCC[NH3+])NC(=O)C(CO)NC(=O)C([NH3+])CNC(=O)C(C2CC[NH+]=C(N)N2)NC1=O,0
CC(C)(C)C(O)C=Cc1ccc2c(c1)OCO2,0
CON=C(C(=O)NC1C(=O)[NH+]2C(C(=O)[O-])=CCSC12)c1csc(=N)[n-]1,0
CNC(=O)c1c(I)c(NC(C)=O)c(I)c(C(=O)[O-])c1I,0
CCN(CC)c1ccc(C(=C2C=CC(=[N+](CC)CC)C=C2)c2cc(S(=O)(=O)[O-])ccc2S(=O)(=O)[O-])cc1,0
CC12CCC3c4ccc([O-])cc4CC(CCCCCCCCC[S+](O)CCCC(F)(F)C(F)(F)F)C3C1CCC2O,0
C#CC1(O)CCC2C3CC=C4CC(=O)CCC4C3CCC21CC,0
C#CC1(O)CCC2C3CC=C4CC(=O)CCC4C3CCC21C,0
CC12CCC(=O)C=C1C1CC1C1C2CCC2(C)C1C1CC1C21CCC(=O)O1,0
CC12CCC3c4ccc([O-])cc4CCC3C1CC(F)C2O,0
O=C(Nn1c([O-])c2c(c1[O-])C1C=CC2C2CC12)c1ccc(C(F)(F)F)cc1,0
[O-]c1oc(C(O)CO)c([O-])c1[O-],0
CCc1c(Cl)c([O-])c(Cl)c([O-])c1C(=O)OC1C(C)OC(OCC2=CC=CCC(O)C(C)=CC(CC)C(OC3OC(C)(C)C(OC(=O)C(C)C)C(O)C3O)C(C)=CC(C)=CCC(C(C)O)OC2=O)C(OC)C1O,0
O=C(Nc1ccc(CC2CCC(C(O)c3ccccc3)[NH2+]2)cc1)C1CCc2nccc(=O)n21,0
CC(CCC(=O)[O-])C1CCC2C3C(O)CC4CC(O)CCC4(C)C3CC(O)C12C,0
CCC1C(O)C2C3CCC(C(C)CCC(=O)[O-])C3(C)CCC2C2(C)CCC(O)CC12,0
CCCCC(=O)OCC(=O)C1(O)C=C(OC2CC(NC(=O)C(F)(F)F)C(O)C(C)O2)c2c(c([O-])c3c([O-])c4cccc(OC)c4c([O-])c3c2[O-])C1,0
Cc1ccc(C(=O)NC2C(=O)NC(C(C)C)C(=O)[NH+]3CCCC3C(=O)[NH+](C)CC(=O)[NH+](C)C(C(C)C)C(=O)OC2C)c2c1Oc1c(C)c([O-])c(N)c(C(=O)N=C3C(=O)NC(C(C)C)C(=O)[NH+]4CCCC4C(=O)[NH+](C)CC(=O)[NH+](C)C(C(C)C)C(=O)OC3C)c1N2,0
C#N,0
CCCCC1(CCCC)CS(=O)(=O)c2ccc(N(C)C)cc2C(c2ccc(OCc3ccc(C[N+]45CC[NH+](CC4)CC5)cc3)cc2)C1O,0
C[n+]1cccc(OC(=O)[NH+](C)C)c1,0
CC(=O)OCC1OC(S)C(OC(C)=O)C(OC(C)=O)C1OC(C)=O,0
Fc1ccc(-c2ccc3c(c2)[nH]c2ccncc23)cn1,0
[O-]c1cccc2cccnc12,0
Cc1occc(=O)c1[O-],0
CC(C)N=c1[n-]c2cc(Cl)c(Cl)cc2n1C1OC(CO)C(O)C1O,0
COC(=O)OCOc1c2n(ccc1=O)[NH+](C1c3ccccc3SCc3c1ccc(F)c3F)C1COCC[NH+]1C2=O,0
CC1(C)C(=CC=CC=CC=CC2=[N+](CCCCS(=O)(=O)[O-])c3ccc4ccccc4c3C2(C)C)N(CCCCS(=O)(=O)[O-])c2ccc3ccccc3c21,0
CC(=O)CC(c1ccccc1)c1c([O-])c2ccccc2oc1=O,0
O=[P](=O)(O)C(O)[P](=O)(=O)O,0
Cc1cc(-c2ccc(N=Nc3c(S(=O)(=O)[O-])cc4cc(S(=O)(=O)[O-])cc(N)c4c3[O-])c(C)c2)ccc1N=Nc1c(S(=O)(=O)[O-])cc2cc(S(=O)(=O)[O-])cc(N)c2c1[O-],0
COC1OC(COS(=O)(=O)[O-])C(OC2OC(C(=O)[O-])C(OC3OC(COS(=O)(=O)[O-])C(OC4OC(C(=O)[O-])C(OC5OC(COS(=O)(=O)[O-])C(O)C(O)C5NS(=O)(=O)[O-])C(O)C4O)C(OS(=O)(=O)[O-])C3NS(=O)(=O)[O-])C(O)C2OS(=O)(=O)[O-])C(O)C1NS(=O)(=O)[O-],0
COCCOC1C(O)C(COP(=O)(O)SC2C(COP(=O)(O)SC3C(COP(=O)(O)SC4C(COP(=O)(O)SC5C(COP(=O)(O)SC6CC(n7cc(C)c(=N)[n-]c7=O)OC6COP(=O)(O)SC6CC(n7cc(C)c(=O)[n-]c7=O)OC6COP(=O)(O)SC6CC(n7cc(C)c(=O)[n-]c7=O)OC6COP(=O)(O)SC6CC(n7cc(C)c(=N)[n-]c7=O)OC6COP(=O)(O)SC6CC(n7cnc8c(=O)nc(N)[n-]c87)OC6COP(=O)(O)SC6CC(n7cc(C)c([O-])nc7=O)OC6COP(=O)(O)SC6CC(n7cc(C)c(=N)nc7[O-])OC6COP(=O)(O)SC6CC(n7cc(C)c([O-])nc7=O)OC6COP(=O)(O)SC6CC(n7cnc8c([O-])nc(=N)[n-]c87)OC6COP(=O)(O)SC6CC(n7cnc8c(N)ncnc87)OC6COP(=O)(O)SC6C(COP(=O)(O)SC7C(COP(=O)(O)SC8C(COP(=O)(O)SC9C(COP(=O)(O)SC%10C(CO)OC(n%11cnc%12c([O-])nc(=N)[n-]c%12%11)C%10OCCOC)OC(n%10cc(C)c(=N)nc%10[O-])C9OCCOC)OC(n9cc(C)c(=N)nc9[O-])C8OCCOC)OC(n8cc(C)c([O-])nc8=O)C7OCCOC)OC(n7cc(C)c(N)nc7=O)C6OCCOC)OC(n6cnc7c([O-])nc(N)nc76)C5OCCOC)OC(n5cc(C)c(N)nc5=O)C4OCCOC)OC(n4cnc5c(N)ncnc54)C3OCCOC)OC(n3cc(C)c(N)nc3=O)C2OCCOC)OC1n1cc(C)c(=N)nc1[O-],0
Cc1nnc(SC=C2CSC3C(NC(=O)Cn4cnnn4)C(=O)[NH+]3C2C(=O)[O-])s1,0
CC[NH+]1CC[NH+](C(=O)NC(C(=O)NC2C(=O)[NH+]3C2SC(C)(C)C3C(=O)[O-])c2ccccc2)C(=O)C1=O,0
CC1CCOC2Cn3cc(C(=O)NCc4ccc(F)cc4F)c(=O)c([O-])c3C(=O)[NH+]12,0
N=c1[n-]c2c(c(=O)[n-]1)[NH2+]C1C([NH2+]2)OC2COP([O])(=O)OC2C1(O)O,0
CON=C(C(=O)NC1C(=O)[NH+]2C(C(=O)[O-])=C(COC(N)=O)CSC12)c1ccco1,0
OCCO,0
CC(C)CC(N=C(O)C(CC(C)C)N=C(O)C(CCCNC(N)=[NH2+])N=C(O)C(CCC(=N)O)N=C(O)C(CC(C)C)N=C(O)C(CCCNC(N)=[NH2+])N=C(O)C(C)N=C(O)CN=C(O)C(CCC(=O)[O-])N=C(O)C(CCCNC(N)=[NH2+])N=C(O)C(CC(C)C)N=C(O)C(CCCNC(N)=[NH2+])N=C(O)C(CO)N=C(O)C(CC(C)C)N=C(O)C(CCC(=O)[O-])N=C(O)C(CO)N=C(O)C(N=C(O)C(Cc1ccccc1)N=C(O)C(N=C(O)CN=C(O)C(CC(=O)[O-])NC(=O)C(CO)NC(=O)C([NH3+])Cc1cnc[n-]1)C(C)O)C(C)O)C(=O)NC(CCC(N)=O)C(=O)NCC(=O)NC(CC(C)C)C(=O)NC(C(N)=O)C(C)C,0
O=C(N=c1[n-]c(-c2cc(Cl)cs2)c(N2CC[NH+](C3CCCCC3)CC2)s1)c1cnc(N2CCC(C(=O)[O-])CC2)c(Cl)c1,0
CCOc1cc2[n-]cc(C#N)c(=Nc3ccc(OCc4ccccn4)c(Cl)c3)c2cc1NC(=O)C=CC[NH+](C)C,0
CC=CC1=C(C(=O)[O-])[NH+]2C(=O)C(NC(=O)C([NH3+])c3ccc([O-])cc3)C2SC1,0
CC1(C)SC2C(NC(=O)C([NH3+])c3ccc([O-])cc3)C(=O)[NH+]2C1C(=O)[O-],0
COc1cc(C2c3cc4c(cc3C(OC3OC5COC(C)OC5C(O)C3O)C3COC(=O)C23)OCO4)cc(OC)c1[O-],0
CC(C)C(C)C1(C)CCC2(C)C3CCC4C5(COCC4(C)C(OCC(C)([NH3+])C(C)(C)C)C(n4ncnc4-c4ccncc4)C5)C3=CCC2(C)C1C(=O)[O-],0
NC(=[NH2+])NCCCC([NH3+])C(=O)NC(CCC[NH+]=C(N)N)C(=O)[NH+]1CCCC1C(=O)[NH+]1CC(O)CC1C(=O)NCC(=O)NC(Cc1cccs1)C(=O)NC(CO)C(=O)[NH+]1Cc2ccccc2CC1C(=O)[NH+]1C(C(=O)NC(CCC[NH+]=C(N)N)C(=O)[O-])CC2CCCCC21,0
CCC(C)C(=O)OC1CC(C)C=C2C=CC(C)C(CCC3CC(O)CC(=O)O3)C21,0
C=CC[NH2+]CCCCCC[N+](C)(C)C,0
C[S+](C)O,0
CC(C)OC(=O)C(C)(C)Oc1ccc(C(=O)c2ccc(Cl)cc2)cc1,0
Cn1c(Cn2ccc(C(F)(F)F)c(Oc3cc(Cl)cc(C#N)c3)c2=O)n[n-]c1=O,0
C[NH+]1C(=O)CC(C)(c2ccccc2)C1=O,0
C[NH+](N=O)C(=O)NC(C=O)C(O)C(O)C(O)CO,0
C[NH+](C)P(=O)(OCC1C[NH2+]CC(n2ccc(=N)[n-]c2=O)O1)[NH+]1CC[NH+](C(=O)OCCOCCOCCO)CC1,0
C[NH+](C)N=Nc1[n-]cnc1C(N)=O,0
C[NH+](C)C=CCC(=O)Nc1cc2c(=Nc3ccc(F)c(Cl)c3)[n-]cnc2cc1OC1CCOC1,0
CN(C)c1cc(NC(=O)C[NH2+]C(C)(C)C)c([O-])c2c([O-])c3c(cc12)CC1C([NH+](C)C)C(=O)C(C(N)=O)C(=O)C1(O)C3O,0
O=N[NH+](CCCl)C(=O)NC1CCCCC1,0
O=c1[n-]c2cc(Cl)ccc2o1,0
Clc1ccc2c(c1)CCc1cccnc1C2=C1CC[NH2+]CC1,0
O=C(NCC1CN(c2ccc(N3CCOCC3=O)cc2)C(=O)O1)c1ccc(Cl)s1,0
Clc1ccc(C(c2ccccc2Cl)C(Cl)Cl)cc1,0
OCC1[NH2+]CC(O)C(O)C1O,0
[NH3+]C(CS)C(=O)[O-],0
NC(=[NH2+])NCCCC([NH3+])C(=O)[O-],0
COc1cc(Cc2c[n-]c(=N)[n-]c2=N)cc(OC)c1OC,0
COc1cc(C(=O)NCc2ccc(OCC[NH+](C)C)cc2)cc(OC)c1OC,0
C[NH+]=C1C=[N+](O)C(c2ccccc2)c2cc(Cl)ccc2N1,0
Clc1ccccc1C[NH+]1CCc2sccc2C1,0
[NH3+]CC[NH2+]CC[NH2+]CC[NH3+],0
C[NH+]1Cc2c(Cl)cc(Cl)cc2C(c2cccc(S(=O)(=O)NCCOCCOCCNC(=O)NCCCCNC(=O)NCCOCCOCCNS(=O)(=O)c3cccc(C4C[NH+](C)Cc5c(Cl)cc(Cl)cc54)c3)c2)C1,0
CCCCCCOC(=O)CCC(=O)C[NH3+],0
CCCCCCCCCCCCCCCC(=O)OC1C(SC)OC(C(NC(=O)C2CC(CCC)C[NH+]2C)C(C)Cl)C(O)C1O,0
CCCC1CC(C(=O)NC(C(C)Cl)C2OC(SC)C(O)C(O)C2O)[NH+](C)C1,0
Cc1ncc(CO)c(CO)c1[O-],0
Cc1cc(C=CC#N)cc(C)c1N=c1cc[n-]c(=Nc2ccc(C#N)cc2)[n-]1,0
CCC1(O)C(=O)OCc2c1cc1n(c2=O)Cc2cc3c(C[NH+](C)C)c([O-])ccc3nc2-1,0
Cn1cc[n-]c1=S,0
Cn1cnc([N+](=O)[O-])c1Sc1ncnc2[n-]cnc12,0
CN1C(=O)CC(=O)N(c2ccccc2)c2cc(Cl)ccc21,0
COc1ccc2[nH]c3c(c2c1)CC[NH2+]C31CSC2c3c(OC(C)=O)c(C)c4c(c3C(COC1=O)[NH+]1C(O)C3Cc5cc(C)c(OC)c([O-])c5C(C21)[NH+]3C)OCO4,0
COc1cc2c(c(OC)c1OC)-c1ccc(OC)c(=O)cc1C(NC(C)=O)CC2,0
COc1ccccc1CNC(=O)c1cc(-c2ccccc2)on1,0
COC1=CC(=O)CC(C)C12Oc1c(Cl)c(OC)cc(OC)c1C2=O,0
COc1cc(C2c3cc4c(cc3C(OC3OC5COC(C)OC5C(O)C3O)C3COC(=O)C23)OCO4)cc(OC)c1O[P](=O)(=O)O,0
COc1[n-]c(=N)nc2c1ncn2C1OC(CO)C(O)C1O,0
COc1cc2[n-]cnc(=Nc3ccc(F)c(Cl)c3)c2cc1OCCC[NH+]1CCOCC1,0
COc1cc2ccc(=NC(C)=O)c3c(c2c(OC)c1OC)CCC(=O)C(O)C3,0
COc1cc2[n-]cnc(=Nc3ccc(F)c(Cl)c3)c2cc1NC(=O)C=CC[NH+]1CCCCC1,0
COc1ccc(C[NH+](C(=O)C([NH3+])Cc2c(C)cc(C(N)=O)cc2C)C(C)c2nc(-c3ccccc3)c[n-]2)cc1C(=O)[O-],0
COC(=O)N=c1[n-]c2ccc(C(=O)c3ccccc3)cc2[n-]1,0
COC(=O)C=CC(=O)[O-],0
CC(C)C([NH3+])C(=O)OCCOCn1cnc2c(=O)[n-]c(=N)[n-]c21,0
COC(=O)C=CC(=O)OCCn1c([O-])ccc1[O-],0
COC(=O)C1C(c2ccc(I)cc2)CC2CCC1[NH+]2CCCF,0
CON=C(C(=O)NC1C(=O)[NH+]2C(C(=O)OCOC(=O)C(C)(C)C)=C(C=Cc3scnc3C)CSC12)c1csc(=N)[n-]1,0
COC1C=COC2(C)Oc3c(C)c([O-])c4c([O-])c(c5c(nc6cc(C)ccn65)c4c3C2=O)NC(=O)C(C)=CC=CC(C)C(O)C(C)C(O)C(C)C(OC(C)=O)C1C,0
COC1C=COC2(C)Oc3c(C)c([O-])c4c([O-])c(cc([O-])c4c3C2=O)NC(=O)C(C)=CC=CC(C)C(O)C(C)C(O)C(C)C(OC(C)=O)C1C,0
COC1([NH2+]C(O)=c2sc(=C(C(N)=O)C(=O)[O-])s2)C(=O)[NH+]2C(C(=O)[O-])=C(CSc3nnnn3C)CSC21,0
CNc1ccc(C=Cc2ccc(OCCOCCOCCF)cc2)cc1,0
CC(OC1OCC[NH+](Cc2nc(=O)n([P](=O)(=O)O)[n-]2)C1c1ccc(F)cc1)c1cc(C(F)(F)F)cc(C(F)(F)F)c1,0
CNC(=O)c1ccc(-c2cnc3ncc(Cc4ccc5ncccc5c4)n3n2)cc1F,0
Cn1nnc2c(C(N)=O)ncn2c1=O,0
CC(=O)N=c1sc(S(N)(=O)=O)nn1C,0
C[NH+]1CCN(c2ccc(N=c3nc4c(c[n-]3)cc3n4C4(CCCCC4)CNC3=O)nc2)CC1,0
C[NH+]1CCC(COc2cnc(-c3cccc(Cn4nc(-c5cccc(C#N)c5)ccc4=O)c3)nc2)CC1,0
COC(=O)C=CC(=O)OC,0
CC(C)(C(=O)[O-])c1ccc(C(O)CCC[NH+]2CCC(C(O)(c3ccccc3)c3ccccc3)CC2)cc1,0
CC(OCC1(c2ccccc2)CCC2(CCC(=O)N2)C[NH2+]1)c1cc(C(F)(F)F)cc(C(F)(F)F)c1,0
C[NH2+]C1C(=O)Nc2c([O-])[n-]c(c([O-])[n-]c3c4cc(c(OC5OC(C(=O)[O-])C(O)C(O)C5NC(=O)CCCCCCCCC(C)C)c(c4)oc4ccc2cc4)Oc2ccc(cc2Cl)C(O)c2[n-]c([O-])c(c4ccc([O-])c(c4)c4c(OC5OC(CO)C(O)C(O)C5O)cc([O-])cc4c(=C(O)[NH2+]CCC[NH+](C)C)[n-]c2[O-])NC=3O)-c2cc(cc([O-])c2Cl)Oc2cc1ccc2[O-],0
CCC(CC(C)c1ccccc1)c1ccc(C[N+](C)(C)C)cc1,0
CCC(=O)NCCC1CCc2ccc3c(c21)CCO3,0
CCC(=O)NCC1CC1c1cccc2c1CCO2,0
Cc1nnc2n1-c1ccc(Cl)cc1C(c1ccccc1Cl)=NC2,0
Cc1nnc(C(=O)NC(C)(C)c2nc(C(=O)NCc3ccc(F)cc3)c([O-])c(=O)n2C)o1,0
Cc1ncc(OCC2(c3cccc(F)c3)CC2C(=O)N=c2ccc(F)c[n-]2)c(C)n1,0
Cc1cn2nc(-c3cc(=O)n4cc(N5CC[NH2+]C6(CC6)C5)ccc4n3)cc(C)c2n1,0
COCCOC1C(OP(O)(=S)OCC2OC(n3cc(C)c(=O)[n-]c3=O)C(OCCOC)C2OP(O)(=S)OCC2OC(n3cc(C)c(=O)[n-]c3=O)C(OCCOC)C2OP(O)(=S)OCC2OC(n3cc(C)c([O-])nc3=O)C(OCCOC)C2OP(O)(=S)OCC2OC(n3cc(C)c(=N)[n-]c3=O)C(OCCOC)C2OP(O)(=S)OCC2OC(n3cnc4c(N)ncnc43)C(OCCOC)C2OP(O)(=S)OCC2OC(n3cc(C)c([O-])nc3=O)C(OCCOC)C2OP(O)(=S)OCC2OC(n3cnc4c(N)ncnc43)C(OCCOC)C2OP(O)(=S)OCC2OC(n3cnc4c(N)ncnc43)C(OCCOC)C2OP(O)(=S)OCC2OC(n3cc(C)c([O-])nc3=O)C(OCCOC)C2OP(O)(=S)OCC2OC(n3cnc4c(=O)nc(N)[n-]c43)C(OCCOC)C2OP(O)(=S)OCC2OC(n3cc(C)c(N)nc3=O)C(OCCOC)C2OP(O)(=S)OCC2OC(n3cc(C)c([O-])nc3=O)C(OCCOC)C2OP(O)(=S)OCC2OC(n3cnc4c([O-])nc(N)nc43)C(OCCOC)C2OP(O)(=S)OCC2OC(n3cnc4c([O-])nc(N)nc43)C(OCCOC)C2O)C(COP(O)(=S)OC2C(COP(O)(=S)OC3C(COP(O)(=S)OC4C(CO)OC(n5cc(C)c([O-])nc5=O)C4OCCOC)OC(n4cc(C)c(=N)[n-]c4=O)C3OCCOC)OC(n3cnc4c(N)ncnc43)C2OCCOC)OC1n1cc(C)c(N)nc1=O,0
Cc1ccc(=O)n(-c2ccccc2)c1,0
Cc1cn(C2C=CC(CO)O2)c(=O)[n-]c1=O,0
C[NH+]1CCc2nc(C(=O)NC3CC(C(=O)[NH+](C)C)CCC3NC(=O)C(=O)N=c3ccc(Cl)c[n-]3)sc2C1,0
CCC(CC)C(NC(C)=O)C1C([NH+]=C(N)N)CC(C(=O)[O-])C1O,0
CC(C)(NC(=O)C1CC2(O)C3Cc4ccc([O-])c5c4C2(CC[NH+]3CC2CC2)C(O5)C1=O)c1nc(-c2ccccc2)no1,0
Cc1cc(C)c(NC(=O)C[NH+](CC(=O)[O-])CC(=O)[O-])c(C)c1Br,0
Cc1cccc(C[NH+]2CC[NH+](C(c3ccccc3)c3ccc(Cl)cc3)CC2)c1,0
CC1=C(C(=O)[O-])[NH+]2C(=O)C(NC(=O)C([NH3+])c3ccccc3)C2SC1,0
Cc1ccc(C2OC(CO)C(O)C(O)C2O)cc1Cc1ccc(-c2ccc(F)cc2)s1,0
CC1(C)C(=CC=C2CCCC(C=CC3=[N+](CCCCS(=O)(=O)[O-])c4ccc(S(=O)(=O)[O-])cc4C3(C)C)=C2Oc2ccc(CC(NC(=O)c3ccc(NCc4cnc5[n-]c(=N)[n-]c(=O)c5n4)cc3)C(=O)[O-])cc2)N(CCCCS(=O)(=O)[O-])c2ccc(S(=O)(=O)[O-])cc21,0
CC1(C)CCC(C[NH+]2CCN(c3ccc(C(=O)[N-]S(=O)(=O)c4ccc(NCC5CCOCC5)c([N+](=O)[O-])c4)c(Oc4cnc5[nH]ccc5c4)c3)CC2)=C(c2ccc(Cl)cc2)C1,0
CC1(C)CCC2(C)C(=C3CCC4C5(C)CCC(O)C(C)(C)C5CCC4(C)C3(C)CC2O)C1,0
CCC(N=c1[n-]cnc2[n-]cnc12)c1nc2cccc(F)c2c(=O)n1-c1ccccc1,0
CCC(C)C(N=C(O)C(Cc1ccccc1)N=C(O)C(CC(C)C)N=C(O)C(CCCNC(N)=[NH2+])N=C(O)C(N=C(O)C(C)N=C(O)C(CCC(=O)[O-])N=C(O)C(CCC(=O)[O-])N=C(O)C(CCC(=O)[O-])N=C(O)C(CCSC)N=C(O)C(CCC(=N)O)N=C(O)C(CCCC[NH3+])N=C(O)C(CO)N=C(O)C(CC(C)C)N=C(O)C(CC(=O)[O-])N=C(O)C(CO)N=C(O)C(N=C(O)C(Cc1ccccc1)N=C(O)C(N=C(O)CN=C(O)C(CCC(=O)[O-])N=C(O)CNC(=O)C([NH3+])Cc1cnc[n-]1)C(C)O)C(C)O)C(C)C)C(=O)NC(CCC(=O)[O-])C(=O)NC(Cc1c[nH]c2ccccc12)C(=O)NC(CC(C)C)C(=O)NC(CCCC[NH3+])C(=O)NC(CC(N)=O)C(O)=NCC(O)=NCC(=O)[NH+]1CCCC1C(O)=NC(CO)C(O)=NC(CO)C(O)=NCC(O)=NC(C)C(=O)[NH+]1CCCC1C(=O)[NH+]1CCCC1C(=O)[NH+]1CCCC1C(O)=NC(CO)C(N)=O,0
CCC(C)C(N=C(O)C1CCC[NH+]1C(=O)CN=C(O)C(Cc1ccccc1)N=C(O)C(CC(=N)O)N=C(O)C(CC(=N)O)N=C(O)C(CO)N=C(O)C(CO)N=C(O)C(Cc1cnc[n-]1)N=C(O)C(N=C(O)C(CC(C)C)N=C(O)C(Cc1ccccc1)N=C(O)C(CC(=N)O)N=C(O)C(C)N=C(O)C(CC(C)C)N=C(O)C(CCCNC(N)=[NH2+])N=C(O)C(CCC(=N)O)N=C(O)C(N=C(O)C(C)N=C(O)C(CS)N=C(O)C(N=C(O)C(C)N=C(O)C(N=C(O)C(CC(=N)O)N=C(O)C(CS)N=C(O)C([NH3+])CCCC[NH3+])C(C)O)C(C)O)C(C)O)C(C)C)C(=O)NC(CC(C)C)C(=O)[NH+]1CCCC1C(=O)[NH+]1CCCC1C(=O)NC(C(=O)NC(CC(N)=O)C(=O)NC(C(=O)NCC(O)=NC(CO)C(O)=NC(CC(N)=O)C(O)=NC(C(O)=NC(Cc1ccc([O-])cc1)C(N)=O)C(C)O)C(C)C)C(C)O,0
Cc1ncc([N+](=O)[O-])n1CC(C)O,0
CC(c1cc2ccccc2s1)N(O)C(N)=O,0
Cc1cc(C)cc(OCC2CNC(=O)O2)c1,0
CC(C)Oc1ccc(-c2nn(C(C)c3oc4ccc(F)cc4c(=O)c3-c3cccc(F)c3)c3[n-]cnc(=N)c23)cc1F,0
CCCC1(CCc2ccccc2)CC(=O)C(C(CC)c2cccc(NS(=O)(=O)c3ccc(C(F)(F)F)cn3)c2)C(=O)O1,0
CCC1(c2ccccc2)C(=O)NCNC1=O,0
CON=C(C(=O)NC1C(=O)[NH+]2C(C(=O)[O-])=C(C[N+]3(C)CCCC3)CSC12)c1csc(=N)[n-]1,0
[NH3+]CC1OC(OC2C([NH3+])CC([NH3+])C(OC3OC(CO)C(O)C([NH3+])C3O)C2O)C([NH3+])CC1O,0
CCOc1ncc(C)c2c1C(c1ccc(C#N)cc1OC)C(C(N)=O)C(C)=N2,0
CCOc1ccc(Cc2cc(C3OC(CO)C(O)C(O)C3O)ccc2Cl)cc1,0
CCOc1ccc(Cc2cc(C34OCC(CO)(O3)C(O)C(O)C4O)ccc2Cl)cc1,0
CCOc1cc(C(CS(C)(=O)=O)[NH+]2C(=O)c3cccc(NC(C)=O)c3C2=O)ccc1OC,0
CCOC(=O)[NH+]1CCC(=C2c3ccc(Cl)cc3CCc3cccnc32)CC1,0
CCOC(=O)C(Cc1ccc(F)cc1)NC(=O)C([NH3+])Cc1ccc(N(CCCl)CCCl)cc1,0
CCOC(=O)C([NH3+])Cc1ccc(-c2cc(OC(c3ccc(Cl)cc3-n3ccc(C)n3)C(F)(F)F)[n-]c(=N)n2)cc1,0
CC[NH+]1CCN(c2ccc(N=c3cc([NH+](C)C(=O)Nc4c(Cl)c(OC)cc(OC)c4Cl)[n-]cn3)cc2)CC1,0
CCn1c(=O)c2c(nc(C=Cc3ccc(OC)c(OC)c3)n2C)n(CC)c1=O,0
CCn1c([O-])c(-c2ccccc2)[n-]c1=O,0
CCOc1ccc(Nc2ccc(C(=C3C=CC(=[N+](CC)Cc4cccc(S(=O)(=O)[O-])c4)C=C3C)c3ccc(N(CC)Cc4cccc(S(=O)(=O)[O-])c4)cc3C)cc2)cc1,0
CCCC1CC(=O)[NH+](C(CC)C(N)=O)C1,0
CCCSc1ccc2[n-]c(=NC(=O)OC)[n-]c2c1,0
CCC[NH+](CCC)S(=O)(=O)c1ccc(C(=O)[O-])cc1,0
CCCCNc1ccc(C(=O)OCCOCCOCCOCCOCCOCCOCCOCCOCCOC)cc1,0
CCCC[NH+]1CC(O)C(O)C(O)C1CO,0
CCCCCCOC(C)c1cccc(-c2csc(=NC(=O)c3cc(Cl)c(C=C(C)C(=O)[O-])c(Cl)c3)[n-]2)c1OC,0
CCCCCCCCCCCCCCCCOP(=O)([O-])OCC[N+](C)(C)C,0
CCCCCCCCCCCC(CC1OC(=O)C1CCCCCC)OC(=O)C(CC(C)C)NC=O,0
CCCCCCC(=O)OCC(COC(=O)CCCCCC)OC(=O)CCCCCC,0
C=C(C)C1CCC(C)=CC1c1c([O-])cc(CCCCC)cc1[O-],0
CCCCC1(CCCC)CN(c2ccccc2)c2cc(SC)c(OCC(=O)NC(C(=O)NC(CC)C(=O)[O-])c3ccc([O-])cc3)cc2S(=O)(=O)N1,0
CCCc1cc(=O)[n-]c(=S)[n-]1,0
CCc1cc(C([NH3+])=S)ccn1,0
CCC1(C)CC(=O)NC1=O,0
CC[NH+](CC)C(=S)SSC(=S)[NH+](CC)CC,0
S=c1[n-]cnc2[n-]cnc12,0
